Exception_ID,Source_Dataset,Source_ID,Test_ID,Exception_Type,Description,Amount,Risk_Level,Risk_Rule_Ref,Control_Severity,Auditor_Action,Status,Date_Identified
EXC-0001,Budget,D03|C08|2025-04,T-BUD-03,Unusual Monthly Variance,"Sales & Marketing / Marketing & Advertising — 2025-04: تنفيذ شهري $58,443 مقابل موازنة $11,364 (514%)",47079.09,High,RR-01,S1,فحص فواتير الشهر ومصروفاته، تقييم أثر التوقيت، اقتراح توزيع أفضل,Open,2026-09-28
EXC-0002,Budget,D04|C06|2025-03,T-BUD-03,Unusual Monthly Variance,"Information Technology / IT Equipment & Software — 2025-03: تنفيذ شهري $47,782 مقابل موازنة $9,669 (494%)",38112.46,High,RR-01,S1,فحص فواتير الشهر ومصروفاته، تقييم أثر التوقيت، اقتراح توزيع أفضل,Open,2026-09-28
EXC-0003,Budget,D04|C06,T-BUD-01,Annual Overrun,"Information Technology / IT Equipment & Software: تنفيذ سنوي $177,130 مقابل الموازنة الفعّالة $144,182 (تجاوز 22.9%) — وصلت 100% من الموازنة بحلول 2025-07",32948.18,High,RR-01,S2,ربط التركيبة باستثناءاتها، تبرير من مدير الإدارة، مقترح إعادة توزيع أو تجميد,Open,2026-09-28
EXC-0004,Actual_Expenses,TXN-2025-0143,T-EXP-02,Large Cash Payment,"Legacy software maintenance payment — Information Technology بتاريخ 2025-03-04: دفع نقدي $29,282.46 (الحد: ≥ $5,000)",29282.46,High,RR-01,S3,استكمال الاعتماد ومطابقة السند النقدي؛ مقترح رفع حد النقد,Open,2026-09-28
EXC-0005,Procurement,PR-2025-0005,T-PROC-01,Insufficient Quotations,"Warehouse racking units — Projects & Maintenance: $27,565.71 بعدد عروض 1 (السياسة: 3 عروض ≥ $1,000)",27565.71,High,RR-01,S2,طلب مستند المنافسة أو تبرير الشراء المباشر، مراجعة حكم السياسة,Open,2026-09-28
EXC-0006,Procurement,PR-2025-0005,T-PROC-05,High-Value Low Competition,"Warehouse racking units — Projects & Maintenance: $27,565.71 بعدد عروض 1 (نمط قيمة كبيرة + منافسة غير كافية)",27565.71,High,RR-01,S2,أولوية فحص: مستندات المنافسة والتسعير، مقابلة مسؤول المشتري,Open,2026-09-28
EXC-0007,Actual_Expenses,TXN-2025-0445,T-EXP-06,Purchase without PO,"IT equipment purchase — Information Technology بتاريخ 2025-07-13: $27,549.87 بلا أمر شراء (حد المصروف الشرائي: ≥ $1,000)",27549.87,High,RR-01,S2,مطابقة بسجل المشتريات، تبرير أو رفض الصرف لاحقًا، تعزيز شرط PO,Open,2026-09-28
EXC-0008,Procurement,PR-2025-0006,T-PROC-01,Insufficient Quotations,"Event promotional materials — Sales & Marketing: $27,099.44 بعدد عروض 0 (السياسة: 3 عروض ≥ $1,000)",27099.44,High,RR-01,S2,طلب مستند المنافسة أو تبرير الشراء المباشر، مراجعة حكم السياسة,Open,2026-09-28
EXC-0009,Procurement,PR-2025-0006,T-PROC-05,High-Value Low Competition,"Event promotional materials — Sales & Marketing: $27,099.44 بعدد عروض 0 (نمط قيمة كبيرة + منافسة غير كافية)",27099.44,High,RR-01,S2,أولوية فحص: مستندات المنافسة والتسعير، مقابلة مسؤول المشتري,Open,2026-09-28
EXC-0010,Procurement,PR-2025-0007,T-PROC-01,Insufficient Quotations,"CCTV camera systems — Information Technology: $26,170.24 بعدد عروض 1 (السياسة: 3 عروض ≥ $1,000)",26170.24,High,RR-01,S2,طلب مستند المنافسة أو تبرير الشراء المباشر، مراجعة حكم السياسة,Open,2026-09-28
EXC-0011,Procurement,PR-2025-0007,T-PROC-05,High-Value Low Competition,"CCTV camera systems — Information Technology: $26,170.24 بعدد عروض 1 (نمط قيمة كبيرة + منافسة غير كافية)",26170.24,High,RR-01,S2,أولوية فحص: مستندات المنافسة والتسعير، مقابلة مسؤول المشتري,Open,2026-09-28
EXC-0012,Procurement,PR-2025-0162,T-PROC-01,Insufficient Quotations,"Warehouse racking units — Projects & Maintenance: $23,345.58 بعدد عروض 1 (السياسة: 3 عروض ≥ $1,000)",23345.58,High,RR-01,S2,طلب مستند المنافسة أو تبرير الشراء المباشر، مراجعة حكم السياسة,Open,2026-09-28
EXC-0013,Procurement,PR-2025-0162,T-PROC-05,High-Value Low Competition,"Warehouse racking units — Projects & Maintenance: $23,345.58 بعدد عروض 1 (نمط قيمة كبيرة + منافسة غير كافية)",23345.58,High,RR-01,S2,أولوية فحص: مستندات المنافسة والتسعير، مقابلة مسؤول المشتري,Open,2026-09-28
EXC-0014,Budget,D04|C06|2025-04,T-BUD-03,Unusual Monthly Variance,"Information Technology / IT Equipment & Software — 2025-04: تنفيذ شهري $32,309 مقابل موازنة $9,669 (334%)",22640.04,High,RR-01,S1,فحص فواتير الشهر ومصروفاته، تقييم أثر التوقيت، اقتراح توزيع أفضل,Open,2026-09-28
EXC-0015,Procurement,PR-2025-0008,T-PROC-01,Insufficient Quotations,"Generator maintenance parts — Projects & Maintenance: $22,343.52 بعدد عروض 1 (السياسة: 3 عروض ≥ $1,000)",22343.52,High,RR-01,S2,طلب مستند المنافسة أو تبرير الشراء المباشر، مراجعة حكم السياسة,Open,2026-09-28
EXC-0016,Procurement,PR-2025-0008,T-PROC-05,High-Value Low Competition,"Generator maintenance parts — Projects & Maintenance: $22,343.52 بعدد عروض 1 (نمط قيمة كبيرة + منافسة غير كافية)",22343.52,High,RR-01,S2,أولوية فحص: مستندات المنافسة والتسعير، مقابلة مسؤول المشتري,Open,2026-09-28
EXC-0017,Actual_Expenses,TXN-2025-0227,T-EXP-06,Purchase without PO,"IT equipment purchase — Information Technology بتاريخ 2025-04-08: $20,042.87 بلا أمر شراء (حد المصروف الشرائي: ≥ $1,000)",20042.87,High,RR-01,S2,مطابقة بسجل المشتريات، تبرير أو رفض الصرف لاحقًا، تعزيز شرط PO,Open,2026-09-28
EXC-0018,Budget,D03|C04,T-BUD-01,Annual Overrun,"Sales & Marketing / Travel & Accommodation: تنفيذ سنوي $91,000 مقابل الموازنة الفعّالة $72,732 (تجاوز 25.1%) — وصلت 100% من الموازنة بحلول 2025-10",18268.31,High,RR-01,S2,ربط التركيبة باستثناءاتها، تبرير من مدير الإدارة، مقترح إعادة توزيع أو تجميد,Open,2026-09-28
EXC-0019,Budget,D07|C10,T-BUD-01,Annual Overrun,"Projects & Maintenance / Maintenance & Repairs: تنفيذ سنوي $109,100 مقابل الموازنة الفعّالة $92,434 (تجاوز 18.0%) — وصلت 100% من الموازنة بحلول 2025-10",16665.58,High,RR-01,S2,ربط التركيبة باستثناءاتها، تبرير من مدير الإدارة، مقترح إعادة توزيع أو تجميد,Open,2026-09-28
EXC-0020,Procurement,PR-2025-0010,T-PROC-01,Insufficient Quotations,"Social media campaign package — Sales & Marketing: $16,605.84 بعدد عروض 2 (السياسة: 3 عروض ≥ $1,000)",16605.84,High,RR-01,S2,طلب مستند المنافسة أو تبرير الشراء المباشر، مراجعة حكم السياسة,Open,2026-09-28
EXC-0021,Procurement,PR-2025-0010,T-PROC-03,Incomplete Approval,"Social media campaign package — Sales & Marketing: $16,605.84 ما زالت بحالة انتظار الاعتماد",16605.84,High,RR-01,S2,استكمال الاعتماد أو الإلغاء؛ تحقق هل نُفذت فعليًا (استلام/دفع),Open,2026-09-28
EXC-0022,Procurement,PR-2025-0010,T-PROC-05,High-Value Low Competition,"Social media campaign package — Sales & Marketing: $16,605.84 بعدد عروض 2 (نمط قيمة كبيرة + منافسة غير كافية)",16605.84,High,RR-01,S2,أولوية فحص: مستندات المنافسة والتسعير، مقابلة مسؤول المشتري,Open,2026-09-28
EXC-0023,Procurement,PR-2025-0159,T-PROC-01,Insufficient Quotations,"Leadership training program — Human Resources: $15,127.47 بعدد عروض 2 (السياسة: 3 عروض ≥ $1,000)",15127.47,High,RR-01,S2,طلب مستند المنافسة أو تبرير الشراء المباشر، مراجعة حكم السياسة,Open,2026-09-28
EXC-0024,Procurement,PR-2025-0159,T-PROC-05,High-Value Low Competition,"Leadership training program — Human Resources: $15,127.47 بعدد عروض 2 (نمط قيمة كبيرة + منافسة غير كافية)",15127.47,High,RR-01,S2,أولوية فحص: مستندات المنافسة والتسعير، مقابلة مسؤول المشتري,Open,2026-09-28
EXC-0025,Procurement,PR-2025-0210,T-PROC-01,Insufficient Quotations,"Social media campaign package — Sales & Marketing: $14,946.36 بعدد عروض 1 (السياسة: 3 عروض ≥ $1,000)",14946.36,High,RR-01,S2,طلب مستند المنافسة أو تبرير الشراء المباشر، مراجعة حكم السياسة,Open,2026-09-28
EXC-0026,Procurement,PR-2025-0210,T-PROC-02,Missing Receiving Evidence,"Social media campaign package — Sales & Marketing: $14,946.36 بدون إثبات استلام",14946.36,High,RR-01,S2,طلب PO متأخر أو تبرير؛ طلب إثبات الاستلام ومطابقة الكمية,Open,2026-09-28
EXC-0027,Procurement,PR-2025-0210,T-PROC-05,High-Value Low Competition,"Social media campaign package — Sales & Marketing: $14,946.36 بعدد عروض 1 (نمط قيمة كبيرة + منافسة غير كافية)",14946.36,High,RR-01,S2,أولوية فحص: مستندات المنافسة والتسعير، مقابلة مسؤول المشتري,Open,2026-09-28
EXC-0028,Procurement,PR-2025-0001,T-PROC-01,Insufficient Quotations,"Legal consultation sessions — Finance & Administration: $13,890.69 بعدد عروض 0 (السياسة: 3 عروض ≥ $1,000)",13890.69,High,RR-01,S2,طلب مستند المنافسة أو تبرير الشراء المباشر، مراجعة حكم السياسة,Open,2026-09-28
EXC-0029,Procurement,PR-2025-0001,T-PROC-05,High-Value Low Competition,"Legal consultation sessions — Finance & Administration: $13,890.69 بعدد عروض 0 (نمط قيمة كبيرة + منافسة غير كافية)",13890.69,High,RR-01,S2,أولوية فحص: مستندات المنافسة والتسعير، مقابلة مسؤول المشتري,Open,2026-09-28
EXC-0030,Procurement,PR-2025-0102,T-PROC-04,Inactive Supplier,"Leadership training program — المورد S15 حالته Inactive في دليل الموردين — $13,791.98",13791.98,High,RR-01,S2,تأكيد حالة المورد وقت التعاقد وسبب الإيقاف، مراجعة دفتر الموردين,Open,2026-09-28
EXC-0031,Procurement,PR-2025-0009,T-PROC-01,Insufficient Quotations,"Legal consultation sessions — Finance & Administration: $13,137.13 بعدد عروض 1 (السياسة: 3 عروض ≥ $1,000)",13137.13,High,RR-01,S2,طلب مستند المنافسة أو تبرير الشراء المباشر، مراجعة حكم السياسة,Open,2026-09-28
EXC-0032,Procurement,PR-2025-0009,T-PROC-05,High-Value Low Competition,"Legal consultation sessions — Finance & Administration: $13,137.13 بعدد عروض 1 (نمط قيمة كبيرة + منافسة غير كافية)",13137.13,High,RR-01,S2,أولوية فحص: مستندات المنافسة والتسعير، مقابلة مسؤول المشتري,Open,2026-09-28
EXC-0033,Procurement,PR-2025-0129,T-PROC-02,Missing PO,"Warehouse racking units — Operations: $12,846.45 بلا أمر شراء (الحد: ≥ $500)",12846.45,High,RR-01,S2,طلب PO متأخر أو تبرير؛ طلب إثبات الاستلام ومطابقة الكمية,Open,2026-09-28
EXC-0034,Budget,D06|C10|2025-02,T-BUD-03,Unusual Monthly Variance,"Supply Chain & Warehouse / Maintenance & Repairs — 2025-02: تنفيذ شهري $15,702 مقابل موازنة $2,951 (532%)",12751.15,High,RR-01,S1,فحص فواتير الشهر ومصروفاته، تقييم أثر التوقيت، اقتراح توزيع أفضل,Open,2026-09-28
EXC-0035,Budget,D05|C07|2025-07,T-BUD-03,Unusual Monthly Variance,"Human Resources / Training & Development — 2025-07: تنفيذ شهري $14,731 مقابل موازنة $1,982 (743%)",12748.66,High,RR-01,S1,فحص فواتير الشهر ومصروفاته، تقييم أثر التوقيت، اقتراح توزيع أفضل,Open,2026-09-28
EXC-0036,Actual_Expenses,TXN-2025-0640,T-EXP-04,Unusual Amount,"Social media content package — Sales & Marketing / Marketing & Advertising: $12,498.99 مقابل وسيط النظائر $2,236.28 (5.6×)",12498.99,High,RR-01,S2,فحص المستند وطبيعة الباب، تأكيد عدم خطأ تصنيف أو خطأ إدخال,Open,2026-09-28
EXC-0037,Budget,D02|C10|2025-05,T-BUD-03,Unusual Monthly Variance,"Operations / Maintenance & Repairs — 2025-05: تنفيذ شهري $16,900 مقابل موازنة $4,959 (341%)",11941.03,High,RR-01,S1,فحص فواتير الشهر ومصروفاته، تقييم أثر التوقيت، اقتراح توزيع أفضل,Open,2026-09-28
EXC-0038,Procurement,PR-2025-0004,T-PROC-01,Insufficient Quotations,"Legal consultation sessions — Finance & Administration: $11,592.93 بعدد عروض 0 (السياسة: 3 عروض ≥ $1,000)",11592.93,High,RR-01,S2,طلب مستند المنافسة أو تبرير الشراء المباشر، مراجعة حكم السياسة,Open,2026-09-28
EXC-0039,Procurement,PR-2025-0004,T-PROC-05,High-Value Low Competition,"Legal consultation sessions — Finance & Administration: $11,592.93 بعدد عروض 0 (نمط قيمة كبيرة + منافسة غير كافية)",11592.93,High,RR-01,S2,أولوية فحص: مستندات المنافسة والتسعير، مقابلة مسؤول المشتري,Open,2026-09-28
EXC-0040,Budget,D07|C10|2025-04,T-BUD-03,Unusual Monthly Variance,"Projects & Maintenance / Maintenance & Repairs — 2025-04: تنفيذ شهري $18,892 مقابل موازنة $7,377 (256%)",11514.59,High,RR-01,S1,فحص فواتير الشهر ومصروفاته، تقييم أثر التوقيت، اقتراح توزيع أفضل,Open,2026-09-28
EXC-0041,Procurement,PR-2025-0115,T-PROC-02,Missing Receiving Evidence,"Legal consultation sessions — Finance & Administration: $11,406.32 بدون إثبات استلام",11406.32,High,RR-01,S2,طلب PO متأخر أو تبرير؛ طلب إثبات الاستلام ومطابقة الكمية,Open,2026-09-28
EXC-0042,Procurement,PR-2025-0003,T-PROC-01,Insufficient Quotations,"Network switches — Information Technology: $11,285.40 بعدد عروض 2 (السياسة: 3 عروض ≥ $1,000)",11285.4,High,RR-01,S2,طلب مستند المنافسة أو تبرير الشراء المباشر، مراجعة حكم السياسة,Open,2026-09-28
EXC-0043,Procurement,PR-2025-0003,T-PROC-05,High-Value Low Competition,"Network switches — Information Technology: $11,285.40 بعدد عروض 2 (نمط قيمة كبيرة + منافسة غير كافية)",11285.4,High,RR-01,S2,أولوية فحص: مستندات المنافسة والتسعير، مقابلة مسؤول المشتري,Open,2026-09-28
EXC-0044,Actual_Expenses,TXN-2025-0602,T-EXP-02,Large Cash Payment,"Laptop accessories purchase — Information Technology بتاريخ 2025-09-22: دفع نقدي $11,282.31 (الحد: ≥ $5,000)",11282.31,High,RR-01,S3,استكمال الاعتماد ومطابقة السند النقدي؛ مقترح رفع حد النقد,Open,2026-09-28
EXC-0045,Actual_Expenses,TXN-2025-0602,T-EXP-06,Purchase without PO,"Laptop accessories purchase — Information Technology بتاريخ 2025-09-22: $11,282.31 بلا أمر شراء (حد المصروف الشرائي: ≥ $1,000)",11282.31,High,RR-01,S2,مطابقة بسجل المشتريات، تبرير أو رفض الصرف لاحقًا، تعزيز شرط PO,Open,2026-09-28
EXC-0046,Actual_Expenses,TXN-2025-0506,T-EXP-04,Unusual Amount,"Legal consultation fees — Finance & Administration / Professional Fees & Consultancy: $11,250.00 مقابل وسيط النظائر $1,175.01 (9.6×)",11250.0,High,RR-01,S2,فحص المستند وطبيعة الباب، تأكيد عدم خطأ تصنيف أو خطأ إدخال,Open,2026-09-28
EXC-0047,Budget,D01|C09|2025-01,T-BUD-03,Unusual Monthly Variance,"Finance & Administration / Professional Fees & Consultancy — 2025-01: تنفيذ شهري $14,865 مقابل موازنة $3,750 (396%)",11114.59,High,RR-01,S1,فحص فواتير الشهر ومصروفاته، تقييم أثر التوقيت، اقتراح توزيع أفضل,Open,2026-09-28
EXC-0048,Procurement,PR-2025-0002,T-PROC-01,Insufficient Quotations,"Vehicle tyres — Operations: $10,955.20 بعدد عروض 2 (السياسة: 3 عروض ≥ $1,000)",10955.2,High,RR-01,S2,طلب مستند المنافسة أو تبرير الشراء المباشر، مراجعة حكم السياسة,Open,2026-09-28
EXC-0049,Procurement,PR-2025-0002,T-PROC-02,Missing Receiving Evidence,"Vehicle tyres — Operations: $10,955.20 بدون إثبات استلام",10955.2,High,RR-01,S2,طلب PO متأخر أو تبرير؛ طلب إثبات الاستلام ومطابقة الكمية,Open,2026-09-28
EXC-0050,Procurement,PR-2025-0002,T-PROC-05,High-Value Low Competition,"Vehicle tyres — Operations: $10,955.20 بعدد عروض 2 (نمط قيمة كبيرة + منافسة غير كافية)",10955.2,High,RR-01,S2,أولوية فحص: مستندات المنافسة والتسعير، مقابلة مسؤول المشتري,Open,2026-09-28
EXC-0051,Procurement,PR-2025-0085,T-PROC-03,Incomplete Approval,"External audit support hours — Finance & Administration: $10,695.04 ما زالت بحالة انتظار الاعتماد",10695.04,High,RR-01,S2,استكمال الاعتماد أو الإلغاء؛ تحقق هل نُفذت فعليًا (استلام/دفع),Open,2026-09-28
EXC-0052,Budget,D02|C05|2025-03,T-BUD-03,Unusual Monthly Variance,"Operations / Vehicle & Fuel — 2025-03: تنفيذ شهري $15,443 مقابل موازنة $4,959 (311%)",10484.55,High,RR-01,S1,فحص فواتير الشهر ومصروفاته، تقييم أثر التوقيت، اقتراح توزيع أفضل,Open,2026-09-28
EXC-0053,Budget,D02|C10|2025-06,T-BUD-03,Unusual Monthly Variance,"Operations / Maintenance & Repairs — 2025-06: تنفيذ شهري $16,410 مقابل موازنة $6,311 (260%)",10098.37,High,RR-01,S1,فحص فواتير الشهر ومصروفاته، تقييم أثر التوقيت، اقتراح توزيع أفضل,Open,2026-09-28
EXC-0054,Actual_Expenses,TXN-2025-0354,T-EXP-02,Large Cash Payment,"Preventive maintenance service — Operations بتاريخ 2025-06-03: دفع نقدي $7,254.83 (الحد: ≥ $5,000)",7254.83,High,RR-02,S3,استكمال الاعتماد ومطابقة السند النقدي؛ مقترح رفع حد النقد,Open,2026-09-28
EXC-0055,Actual_Expenses,TXN-2025-0662,T-EXP-02,Large Cash Payment,"Client visit travel expenses — Sales & Marketing بتاريخ 2025-10-19: دفع نقدي $6,954.32 (الحد: ≥ $5,000)",6954.32,High,RR-02,S3,استكمال الاعتماد ومطابقة السند النقدي؛ مقترح رفع حد النقد,Open,2026-09-28
EXC-0056,Actual_Expenses,TXN-2025-0135,T-EXP-02,Large Cash Payment,"Domestic flight tickets — Sales & Marketing بتاريخ 2025-03-02: دفع نقدي $6,163.65 (الحد: ≥ $5,000)",6163.65,High,RR-02,S3,استكمال الاعتماد ومطابقة السند النقدي؛ مقترح رفع حد النقد,Open,2026-09-28
EXC-0057,Actual_Expenses,TXN-2025-0809,T-EXP-02,Large Cash Payment,"Exhibition booth materials — Sales & Marketing بتاريخ 2025-12-28: دفع نقدي $5,691.19 (الحد: ≥ $5,000)",5691.19,High,RR-02,S3,استكمال الاعتماد ومطابقة السند النقدي؛ مقترح رفع حد النقد,Open,2026-09-28
EXC-0058,Actual_Expenses,TXN-2025-0064,T-BUD-02,Out of Budget,"Operations / Professional Fees & Consultancy بتاريخ 2025-02-02: لا توجد أي موازنة للتركيبة — المبلغ $3,500.00",3500.0,High,RR-02,S3,تأكيد عدم إغفال بند موازنة، تفويض الصرف أو إدراجه في الموازنة القادمة,Open,2026-09-28
EXC-0059,Actual_Expenses,TXN-2025-0297,T-BUD-02,Out of Budget,"Sales & Marketing / Maintenance & Repairs بتاريخ 2025-05-12: لا توجد أي موازنة للتركيبة — المبلغ $2,400.00",2400.0,High,RR-02,S3,تأكيد عدم إغفال بند موازنة، تفويض الصرف أو إدراجه في الموازنة القادمة,Open,2026-09-28
EXC-0060,Actual_Expenses,TXN-2025-0581,T-EXP-02,Unapproved Payment,"Water and internet utilities — Finance & Administration بتاريخ 2025-09-15: $2,210.32 بحالة انتظار الاعتماد",2210.32,High,RR-02,S3,استكمال الاعتماد ومطابقة السند النقدي؛ مقترح رفع حد النقد,Open,2026-09-28
EXC-0061,Actual_Expenses,TXN-2025-0813,T-EXP-02,Unapproved Payment,"Monthly rent — head office share — Supply Chain & Warehouse بتاريخ 2025-12-28: $2,032.44 بحالة انتظار الاعتماد",2032.44,High,RR-02,S3,استكمال الاعتماد ومطابقة السند النقدي؛ مقترح رفع حد النقد,Open,2026-09-28
EXC-0062,Procurement,PR-2025-0197,T-PROC-01,Insufficient Quotations,"Leadership training program — Human Resources: $9,963.52 بعدد عروض 2 (السياسة: 3 عروض ≥ $1,000)",9963.52,Medium,RR-04,S2,طلب مستند المنافسة أو تبرير الشراء المباشر، مراجعة حكم السياسة,Open,2026-09-28
EXC-0063,Procurement,PR-2025-0136,T-PROC-01,Insufficient Quotations,"Legal consultation sessions — Projects & Maintenance: $9,702.03 بعدد عروض 1 (السياسة: 3 عروض ≥ $1,000)",9702.03,Medium,RR-04,S2,طلب مستند المنافسة أو تبرير الشراء المباشر، مراجعة حكم السياسة,Open,2026-09-28
EXC-0064,Budget,D07|C09|2025-07,T-BUD-03,Unusual Monthly Variance,"Projects & Maintenance / Professional Fees & Consultancy — 2025-07: تنفيذ شهري $12,936 مقابل موازنة $3,333 (388%)",9602.77,Medium,RR-04,S1,فحص فواتير الشهر ومصروفاته، تقييم أثر التوقيت، اقتراح توزيع أفضل,Open,2026-09-28
EXC-0065,Actual_Expenses,TXN-2025-0355,T-EXP-04,Unusual Amount,"Preventive maintenance service — Operations / Maintenance & Repairs: $9,155.02 مقابل وسيط النظائر $600.39 (15.2×)",9155.02,Medium,RR-04,S2,فحص المستند وطبيعة الباب، تأكيد عدم خطأ تصنيف أو خطأ إدخال,Open,2026-09-28
EXC-0066,Procurement,PR-2025-0215,T-PROC-01,Insufficient Quotations,"Security guard service quarterly — Operations: $8,577.00 بعدد عروض 1 (السياسة: 3 عروض ≥ $1,000)",8577.0,Medium,RR-04,S2,طلب مستند المنافسة أو تبرير الشراء المباشر، مراجعة حكم السياسة,Open,2026-09-28
EXC-0067,Procurement,PR-2025-0204,T-PROC-01,Insufficient Quotations,"Warehouse racking units — Supply Chain & Warehouse: $8,319.12 بعدد عروض 1 (السياسة: 3 عروض ≥ $1,000)",8319.12,Medium,RR-04,S2,طلب مستند المنافسة أو تبرير الشراء المباشر، مراجعة حكم السياسة,Open,2026-09-28
EXC-0068,Budget,D03|C09|2025-10,T-BUD-03,Unusual Monthly Variance,"Sales & Marketing / Professional Fees & Consultancy — 2025-10: تنفيذ شهري $10,726 مقابل موازنة $2,500 (429%)",8225.59,Medium,RR-04,S1,فحص فواتير الشهر ومصروفاته، تقييم أثر التوقيت، اقتراح توزيع أفضل,Open,2026-09-28
EXC-0069,Procurement,PR-2025-0098,T-PROC-04,Inactive Supplier,"HP ProBook laptops — المورد S23 حالته Inactive في دليل الموردين — $7,980.44",7980.44,Medium,RR-04,S2,تأكيد حالة المورد وقت التعاقد وسبب الإيقاف، مراجعة دفتر الموردين,Open,2026-09-28
EXC-0070,Procurement,PR-2025-0118,T-PROC-01,Insufficient Quotations,"External audit support hours — Finance & Administration: $7,856.78 بعدد عروض 1 (السياسة: 3 عروض ≥ $1,000)",7856.78,Medium,RR-04,S2,طلب مستند المنافسة أو تبرير الشراء المباشر، مراجعة حكم السياسة,Open,2026-09-28
EXC-0071,Procurement,PR-2025-0059,T-PROC-01,Insufficient Quotations,"Legal consultation sessions — Sales & Marketing: $7,853.96 بعدد عروض 2 (السياسة: 3 عروض ≥ $1,000)",7853.96,Medium,RR-04,S2,طلب مستند المنافسة أو تبرير الشراء المباشر، مراجعة حكم السياسة,Open,2026-09-28
EXC-0072,Procurement,PR-2025-0059,T-PROC-02,Missing PO,"Legal consultation sessions — Sales & Marketing: $7,853.96 بلا أمر شراء (الحد: ≥ $500)",7853.96,Medium,RR-04,S2,طلب PO متأخر أو تبرير؛ طلب إثبات الاستلام ومطابقة الكمية,Open,2026-09-28
EXC-0073,Budget,D01|C09|2025-08,T-BUD-03,Unusual Monthly Variance,"Finance & Administration / Professional Fees & Consultancy — 2025-08: تنفيذ شهري $11,250 مقابل موازنة $3,750 (300%)",7500.0,Medium,RR-04,S1,فحص فواتير الشهر ومصروفاته، تقييم أثر التوقيت، اقتراح توزيع أفضل,Open,2026-09-28
EXC-0074,Actual_Expenses,TXN-2025-0115,T-EXP-06,Purchase without PO,"Purchase of 10 laptops for new hires — Information Technology بتاريخ 2025-02-24: $7,450.00 بلا أمر شراء (حد المصروف الشرائي: ≥ $1,000)",7450.0,Medium,RR-04,S2,مطابقة بسجل المشتريات، تبرير أو رفض الصرف لاحقًا، تعزيز شرط PO,Open,2026-09-28
EXC-0075,Procurement,PR-2025-0170,T-PROC-01,Insufficient Quotations,"Event promotional materials — Sales & Marketing: $7,448.00 بعدد عروض 0 (السياسة: 3 عروض ≥ $1,000)",7448.0,Medium,RR-04,S2,طلب مستند المنافسة أو تبرير الشراء المباشر، مراجعة حكم السياسة,Open,2026-09-28
EXC-0076,Actual_Expenses,TXN-2025-0354,T-EXP-04,Unusual Amount,"Preventive maintenance service — Operations / Maintenance & Repairs: $7,254.83 مقابل وسيط النظائر $600.39 (12.1×)",7254.83,Medium,RR-04,S2,فحص المستند وطبيعة الباب، تأكيد عدم خطأ تصنيف أو خطأ إدخال,Open,2026-09-28
EXC-0077,Procurement,PR-2025-0109,T-PROC-01,Insufficient Quotations,"Leadership training program — Human Resources: $7,245.19 بعدد عروض 0 (السياسة: 3 عروض ≥ $1,000)",7245.19,Medium,RR-04,S2,طلب مستند المنافسة أو تبرير الشراء المباشر، مراجعة حكم السياسة,Open,2026-09-28
EXC-0078,Procurement,PR-2025-0217,T-PROC-01,Insufficient Quotations,"Painting and civil repairs — Projects & Maintenance: $7,010.56 بعدد عروض 2 (السياسة: 3 عروض ≥ $1,000)",7010.56,Medium,RR-04,S2,طلب مستند المنافسة أو تبرير الشراء المباشر، مراجعة حكم السياسة,Open,2026-09-28
EXC-0079,Budget,D01|C09|2025-06,T-BUD-03,Unusual Monthly Variance,"Finance & Administration / Professional Fees & Consultancy — 2025-06: تنفيذ شهري $10,695 مقابل موازنة $3,750 (285%)",6945.04,Medium,RR-04,S1,فحص فواتير الشهر ومصروفاته، تقييم أثر التوقيت، اقتراح توزيع أفضل,Open,2026-09-28
EXC-0080,Procurement,PR-2025-0142,T-PROC-02,Missing Receiving Evidence,"CCTV camera systems — Information Technology: $6,921.70 بدون إثبات استلام",6921.7,Medium,RR-04,S2,طلب PO متأخر أو تبرير؛ طلب إثبات الاستلام ومطابقة الكمية,Open,2026-09-28
EXC-0081,Actual_Expenses,TXN-2025-0153,T-EXP-04,Unusual Amount,"Annual ERP software license renewal — Finance & Administration / Professional Fees & Consultancy: $6,900.00 مقابل وسيط النظائر $1,175.01 (5.9×)",6900.0,Medium,RR-04,S2,فحص المستند وطبيعة الباب، تأكيد عدم خطأ تصنيف أو خطأ إدخال,Open,2026-09-28
EXC-0082,Actual_Expenses,TXN-2025-0153,T-EXP-05,Suspicious Classification,"الوصف «Annual ERP software license renewal» يشير إلى فئة IT Equipment & Software لكنها مصنّفة ضمن Professional Fees & Consultancy — $6,900.00",6900.0,Medium,RR-04,S2,فحص طبيعة المعاملة، إعادة تصنيف عند الإثبات، إعادة احتساب أثر الفئة,Open,2026-09-28
EXC-0083,Procurement,PR-2025-0101,T-PROC-02,Missing Receiving Evidence,"Professional certification fees — Human Resources: $6,760.62 بدون إثبات استلام",6760.62,Medium,RR-04,S2,طلب PO متأخر أو تبرير؛ طلب إثبات الاستلام ومطابقة الكمية,Open,2026-09-28
EXC-0084,Budget,D02|C05,T-BUD-01,Annual Overrun,"Operations / Vehicle & Fuel: تنفيذ سنوي $68,340 مقابل الموازنة الفعّالة $61,636 (تجاوز 10.9%) — وصلت 100% من الموازنة بحلول 2025-10",6703.64,Medium,RR-04,S2,ربط التركيبة باستثناءاتها، تبرير من مدير الإدارة، مقترح إعادة توزيع أو تجميد,Open,2026-09-28
EXC-0085,Budget,D01|C09,T-BUD-01,Annual Overrun,"Finance & Administration / Professional Fees & Consultancy: تنفيذ سنوي $51,476 مقابل الموازنة الفعّالة $45,000 (تجاوز 14.4%) — وصلت 100% من الموازنة بحلول 2025-08",6475.94,Medium,RR-04,S2,ربط التركيبة باستثناءاتها، تبرير من مدير الإدارة، مقترح إعادة توزيع أو تجميد,Open,2026-09-28
EXC-0086,Actual_Expenses,TXN-2025-0369,T-EXP-01,Missing Supporting Document,"Information Technology / IT Equipment & Software بتاريخ 2025-06-09: $6,454.32 — Doc_Status = Missing",6454.32,Medium,RR-04,S2,طلب المستند وإضافته للملف؛ إن تكرر: توصية إيقاف الصرف دون مستند,Open,2026-09-28
EXC-0087,Procurement,PR-2025-0081,T-PROC-02,Missing Receiving Evidence,"CCTV camera systems — Information Technology: $6,454.32 بدون إثبات استلام",6454.32,Medium,RR-04,S2,طلب PO متأخر أو تبرير؛ طلب إثبات الاستلام ومطابقة الكمية,Open,2026-09-28
EXC-0088,Procurement,PR-2025-0048,T-PROC-02,Missing PO,"CCTV camera systems — Information Technology: $6,335.28 بلا أمر شراء (الحد: ≥ $500)",6335.28,Medium,RR-04,S2,طلب PO متأخر أو تبرير؛ طلب إثبات الاستلام ومطابقة الكمية,Open,2026-09-28
EXC-0089,Actual_Expenses,TXN-2025-0136,T-EXP-06,Purchase without PO,"Exhibition booth materials — Sales & Marketing بتاريخ 2025-03-02: $6,126.37 بلا أمر شراء (حد المصروف الشرائي: ≥ $1,000)",6126.37,Medium,RR-04,S2,مطابقة بسجل المشتريات، تبرير أو رفض الصرف لاحقًا، تعزيز شرط PO,Open,2026-09-28
EXC-0090,Actual_Expenses,TXN-2025-0171,T-EXP-06,Purchase without PO,"Promotional gifts bulk purchase for campaign — Sales & Marketing بتاريخ 2025-03-20: $6,100.00 بلا أمر شراء (حد المصروف الشرائي: ≥ $1,000)",6100.0,Medium,RR-04,S2,مطابقة بسجل المشتريات، تبرير أو رفض الصرف لاحقًا، تعزيز شرط PO,Open,2026-09-28
EXC-0091,Budget,D07|C05,T-BUD-01,Annual Overrun,"Projects & Maintenance / Vehicle & Fuel: تنفيذ سنوي $41,092 مقابل الموازنة الفعّالة $35,000 (تجاوز 17.4%)",6092.38,Medium,RR-04,S2,ربط التركيبة باستثناءاتها، تبرير من مدير الإدارة، مقترح إعادة توزيع أو تجميد,Open,2026-09-28
EXC-0092,Actual_Expenses,TXN-2025-0809,T-EXP-06,Purchase without PO,"Exhibition booth materials — Sales & Marketing بتاريخ 2025-12-28: $5,691.19 بلا أمر شراء (حد المصروف الشرائي: ≥ $1,000)",5691.19,Medium,RR-04,S2,مطابقة بسجل المشتريات، تبرير أو رفض الصرف لاحقًا، تعزيز شرط PO,Open,2026-09-28
EXC-0093,Procurement,PR-2025-0111,T-PROC-04,Inactive Supplier,"Security guard service quarterly — المورد S15 حالته Inactive في دليل الموردين — $5,668.23",5668.23,Medium,RR-04,S2,تأكيد حالة المورد وقت التعاقد وسبب الإيقاف، مراجعة دفتر الموردين,Open,2026-09-28
EXC-0094,Procurement,PR-2025-0021,T-PROC-02,Missing PO,"External audit support hours — Projects & Maintenance: $5,606.54 بلا أمر شراء (الحد: ≥ $500)",5606.54,Medium,RR-04,S2,طلب PO متأخر أو تبرير؛ طلب إثبات الاستلام ومطابقة الكمية,Open,2026-09-28
EXC-0095,Actual_Expenses,TXN-2025-0222,T-EXP-06,Purchase without PO,"Painting materials purchase for warehouse — Projects & Maintenance بتاريخ 2025-04-07: $5,600.00 بلا أمر شراء (حد المصروف الشرائي: ≥ $1,000)",5600.0,Medium,RR-04,S2,مطابقة بسجل المشتريات، تبرير أو رفض الصرف لاحقًا، تعزيز شرط PO,Open,2026-09-28
EXC-0096,Actual_Expenses,TXN-2025-0522,T-EXP-01,Missing Supporting Document,"Human Resources / Training & Development بتاريخ 2025-08-13: $5,592.39 — Doc_Status = Missing",5592.39,Medium,RR-04,S2,طلب المستند وإضافته للملف؛ إن تكرر: توصية إيقاف الصرف دون مستند,Open,2026-09-28
EXC-0097,Procurement,PR-2025-0106,T-PROC-01,Insufficient Quotations,"Leadership training program — Human Resources: $5,592.39 بعدد عروض 2 (السياسة: 3 عروض ≥ $1,000)",5592.39,Medium,RR-04,S2,طلب مستند المنافسة أو تبرير الشراء المباشر، مراجعة حكم السياسة,Open,2026-09-28
EXC-0098,Budget,D07|C09|2025-04,T-BUD-03,Unusual Monthly Variance,"Projects & Maintenance / Professional Fees & Consultancy — 2025-04: تنفيذ شهري $8,910 مقابل موازنة $3,333 (267%)",5576.45,Medium,RR-04,S1,فحص فواتير الشهر ومصروفاته، تقييم أثر التوقيت، اقتراح توزيع أفضل,Open,2026-09-28
EXC-0099,Actual_Expenses,TXN-2025-0666,T-EXP-04,Unusual Amount,"Vehicle registration renewal — Supply Chain & Warehouse / Vehicle & Fuel: $5,199.79 مقابل وسيط النظائر $783.12 (6.6×)",5199.79,Medium,RR-04,S2,فحص المستند وطبيعة الباب، تأكيد عدم خطأ تصنيف أو خطأ إدخال,Open,2026-09-28
EXC-0100,Actual_Expenses,TXN-2025-0596,T-EXP-01,Missing Supporting Document,"Sales & Marketing / Travel & Accommodation بتاريخ 2025-09-21: $5,137.89 — Doc_Status = Missing",5137.89,Medium,RR-04,S2,طلب المستند وإضافته للملف؛ إن تكرر: توصية إيقاف الصرف دون مستند,Open,2026-09-28
EXC-0101,Procurement,PR-2025-0139,T-PROC-01,Insufficient Quotations,"Warehouse racking units — Supply Chain & Warehouse: $5,117.46 بعدد عروض 2 (السياسة: 3 عروض ≥ $1,000)",5117.46,Medium,RR-04,S2,طلب مستند المنافسة أو تبرير الشراء المباشر، مراجعة حكم السياسة,Open,2026-09-28
EXC-0102,Procurement,PR-2025-0198,T-PROC-04,Inactive Supplier,"Multifunction printers — المورد S23 حالته Inactive في دليل الموردين — $4,993.12",4993.12,Medium,RR-04,S2,تأكيد حالة المورد وقت التعاقد وسبب الإيقاف، مراجعة دفتر الموردين,Open,2026-09-28
EXC-0103,Actual_Expenses,TXN-2025-0820,T-EXP-06,Purchase without PO,"Exhibition booth materials — Sales & Marketing بتاريخ 2025-12-29: $4,959.28 بلا أمر شراء (حد المصروف الشرائي: ≥ $1,000)",4959.28,Medium,RR-04,S2,مطابقة بسجل المشتريات، تبرير أو رفض الصرف لاحقًا، تعزيز شرط PO,Open,2026-09-28
EXC-0104,Actual_Expenses,TXN-2025-0635,T-EXP-04,Unusual Amount,"Vehicle maintenance — oil change — Projects & Maintenance / Vehicle & Fuel: $4,902.20 مقابل وسيط النظائر $702.43 (7.0×)",4902.2,Medium,RR-04,S2,فحص المستند وطبيعة الباب، تأكيد عدم خطأ تصنيف أو خطأ إدخال,Open,2026-09-28
EXC-0105,Procurement,PR-2025-0130,T-PROC-04,Inactive Supplier,"External audit support hours — المورد S23 حالته Inactive في دليل الموردين — $4,897.26",4897.26,Medium,RR-04,S2,تأكيد حالة المورد وقت التعاقد وسبب الإيقاف، مراجعة دفتر الموردين,Open,2026-09-28
EXC-0106,Procurement,PR-2025-0208,T-PROC-01,Insufficient Quotations,"Security guard service quarterly — Information Technology: $4,807.72 بعدد عروض 2 (السياسة: 3 عروض ≥ $1,000)",4807.72,Medium,RR-04,S2,طلب مستند المنافسة أو تبرير الشراء المباشر، مراجعة حكم السياسة,Open,2026-09-28
EXC-0107,Budget,D07|C05|2025-03,T-BUD-03,Unusual Monthly Variance,"Projects & Maintenance / Vehicle & Fuel — 2025-03: تنفيذ شهري $7,662 مقابل موازنة $2,893 (265%)",4769.48,Medium,RR-04,S1,فحص فواتير الشهر ومصروفاته، تقييم أثر التوقيت، اقتراح توزيع أفضل,Open,2026-09-28
EXC-0108,Budget,D04|C02|2025-01,T-BUD-03,Unusual Monthly Variance,"Information Technology / Rent & Utilities — 2025-01: تنفيذ شهري $6,444 مقابل موازنة $1,708 (377%)",4736.59,Medium,RR-04,S1,فحص فواتير الشهر ومصروفاته، تقييم أثر التوقيت، اقتراح توزيع أفضل,Open,2026-09-28
EXC-0109,Procurement,PR-2025-0095,T-PROC-03,Incomplete Approval,"Security guard service quarterly — Supply Chain & Warehouse: $4,468.14 ما زالت بحالة انتظار الاعتماد",4468.14,Medium,RR-04,S2,استكمال الاعتماد أو الإلغاء؛ تحقق هل نُفذت فعليًا (استلام/دفع),Open,2026-09-28
EXC-0110,Procurement,PR-2025-0037,T-PROC-01,Insufficient Quotations,"Multifunction printers — Information Technology: $4,464.67 بعدد عروض 2 (السياسة: 3 عروض ≥ $1,000)",4464.67,Medium,RR-04,S2,طلب مستند المنافسة أو تبرير الشراء المباشر، مراجعة حكم السياسة,Open,2026-09-28
EXC-0111,Procurement,PR-2025-0037,T-PROC-03,Incomplete Approval,"Multifunction printers — Information Technology: $4,464.67 ما زالت بحالة انتظار الاعتماد",4464.67,Medium,RR-04,S2,استكمال الاعتماد أو الإلغاء؛ تحقق هل نُفذت فعليًا (استلام/دفع),Open,2026-09-28
EXC-0112,Budget,D01|C03|2025-05,T-BUD-03,Unusual Monthly Variance,"Finance & Administration / Office Supplies — 2025-05: تنفيذ شهري $5,949 مقابل موازنة $1,500 (397%)",4449.32,Medium,RR-04,S1,فحص فواتير الشهر ومصروفاته، تقييم أثر التوقيت، اقتراح توزيع أفضل,Open,2026-09-28
EXC-0113,Actual_Expenses,TXN-2025-0663,T-EXP-05,Suspicious Classification,"الوصف «Monthly retainer for digital marketing agency» يشير إلى فئة Marketing & Advertising لكنها مصنّفة ضمن Professional Fees & Consultancy — $4,200.00",4200.0,Medium,RR-04,S2,فحص طبيعة المعاملة، إعادة تصنيف عند الإثبات، إعادة احتساب أثر الفئة,Open,2026-09-28
EXC-0114,Procurement,PR-2025-0132,T-PROC-04,Inactive Supplier,"Multifunction printers — المورد S23 حالته Inactive في دليل الموردين — $4,193.28",4193.28,Medium,RR-04,S2,تأكيد حالة المورد وقت التعاقد وسبب الإيقاف، مراجعة دفتر الموردين,Open,2026-09-28
EXC-0115,Actual_Expenses,TXN-2025-0606,T-EXP-04,Unusual Amount,"Workshop air cooler purchase for operations floor — Operations / Maintenance & Repairs: $4,150.00 مقابل وسيط النظائر $600.39 (6.9×)",4150.0,Medium,RR-04,S2,فحص المستند وطبيعة الباب، تأكيد عدم خطأ تصنيف أو خطأ إدخال,Open,2026-09-28
EXC-0116,Actual_Expenses,TXN-2025-0606,T-EXP-06,Purchase without PO,"Workshop air cooler purchase for operations floor — Operations بتاريخ 2025-09-24: $4,150.00 بلا أمر شراء (حد المصروف الشرائي: ≥ $1,000)",4150.0,Medium,RR-04,S2,مطابقة بسجل المشتريات، تبرير أو رفض الصرف لاحقًا، تعزيز شرط PO,Open,2026-09-28
EXC-0117,Actual_Expenses,TXN-2025-0202,T-EXP-04,Unusual Amount,"Fuel cards top-up — Projects & Maintenance / Vehicle & Fuel: $4,098.12 مقابل وسيط النظائر $702.43 (5.8×)",4098.12,Medium,RR-04,S2,فحص المستند وطبيعة الباب، تأكيد عدم خطأ تصنيف أو خطأ إدخال,Open,2026-09-28
EXC-0118,Procurement,PR-2025-0055,T-PROC-04,Inactive Supplier,"Multifunction printers — المورد S23 حالته Inactive في دليل الموردين — $4,043.28",4043.28,Medium,RR-04,S2,تأكيد حالة المورد وقت التعاقد وسبب الإيقاف، مراجعة دفتر الموردين,Open,2026-09-28
EXC-0119,Procurement,PR-2025-0112,T-PROC-01,Insufficient Quotations,"Spare parts delivery vans — Operations: $3,967.60 بعدد عروض 1 (السياسة: 3 عروض ≥ $1,000)",3967.6,Medium,RR-04,S2,طلب مستند المنافسة أو تبرير الشراء المباشر، مراجعة حكم السياسة,Open,2026-09-28
EXC-0120,Procurement,PR-2025-0112,T-PROC-02,Missing Receiving Evidence,"Spare parts delivery vans — Operations: $3,967.60 بدون إثبات استلام",3967.6,Medium,RR-04,S2,طلب PO متأخر أو تبرير؛ طلب إثبات الاستلام ومطابقة الكمية,Open,2026-09-28
EXC-0121,Procurement,PR-2025-0057,T-PROC-02,Missing Receiving Evidence,"Warehouse racking units — Projects & Maintenance: $3,834.45 بدون إثبات استلام",3834.45,Medium,RR-04,S2,طلب PO متأخر أو تبرير؛ طلب إثبات الاستلام ومطابقة الكمية,Open,2026-09-28
EXC-0122,Procurement,PR-2025-0166,T-PROC-01,Insufficient Quotations,"Security guard service quarterly — Finance & Administration: $3,822.70 بعدد عروض 2 (السياسة: 3 عروض ≥ $1,000)",3822.7,Medium,RR-04,S2,طلب مستند المنافسة أو تبرير الشراء المباشر، مراجعة حكم السياسة,Open,2026-09-28
EXC-0123,Procurement,PR-2025-0201,T-PROC-01,Insufficient Quotations,"Generator maintenance parts — Projects & Maintenance: $3,751.10 بعدد عروض 2 (السياسة: 3 عروض ≥ $1,000)",3751.1,Medium,RR-04,S2,طلب مستند المنافسة أو تبرير الشراء المباشر، مراجعة حكم السياسة,Open,2026-09-28
EXC-0124,Procurement,PR-2025-0201,T-PROC-02,Missing Receiving Evidence,"Generator maintenance parts — Projects & Maintenance: $3,751.10 بدون إثبات استلام",3751.1,Medium,RR-04,S2,طلب PO متأخر أو تبرير؛ طلب إثبات الاستلام ومطابقة الكمية,Open,2026-09-28
EXC-0125,Actual_Expenses,TXN-2025-0080,T-EXP-01,Missing Supporting Document,"Operations / Vehicle & Fuel بتاريخ 2025-02-09: $3,678.96 — Doc_Status = Missing",3678.96,Medium,RR-04,S2,طلب المستند وإضافته للملف؛ إن تكرر: توصية إيقاف الصرف دون مستند,Open,2026-09-28
EXC-0126,Actual_Expenses,TXN-2025-0771,T-EXP-04,Unusual Amount,"Domestic flight tickets — Projects & Maintenance / Travel & Accommodation: $3,593.18 مقابل وسيط النظائر $737.17 (4.9×)",3593.18,Medium,RR-04,S2,فحص المستند وطبيعة الباب، تأكيد عدم خطأ تصنيف أو خطأ إدخال,Open,2026-09-28
EXC-0127,Procurement,PR-2025-0119,T-PROC-04,Inactive Supplier,"Multifunction printers — المورد S23 حالته Inactive في دليل الموردين — $3,516.17",3516.17,Medium,RR-04,S2,تأكيد حالة المورد وقت التعاقد وسبب الإيقاف، مراجعة دفتر الموردين,Open,2026-09-28
EXC-0128,Procurement,PR-2025-0158,T-PROC-01,Insufficient Quotations,"Generator maintenance parts — Operations: $3,460.68 بعدد عروض 0 (السياسة: 3 عروض ≥ $1,000)",3460.68,Medium,RR-04,S2,طلب مستند المنافسة أو تبرير الشراء المباشر، مراجعة حكم السياسة,Open,2026-09-28
EXC-0129,Procurement,PR-2025-0187,T-PROC-04,Inactive Supplier,"Network switches — المورد S23 حالته Inactive في دليل الموردين — $3,454.68",3454.68,Medium,RR-04,S2,تأكيد حالة المورد وقت التعاقد وسبب الإيقاف، مراجعة دفتر الموردين,Open,2026-09-28
EXC-0130,Procurement,PR-2025-0019,T-PROC-01,Insufficient Quotations,"Security guard service quarterly — Supply Chain & Warehouse: $3,437.76 بعدد عروض 2 (السياسة: 3 عروض ≥ $1,000)",3437.76,Medium,RR-04,S2,طلب مستند المنافسة أو تبرير الشراء المباشر، مراجعة حكم السياسة,Open,2026-09-28
EXC-0131,Budget,D06|C05,T-BUD-01,Annual Overrun,"Supply Chain & Warehouse / Vehicle & Fuel: تنفيذ سنوي $48,392 مقابل الموازنة الفعّالة $45,000 (تجاوز 7.5%)",3392.33,Medium,RR-04,S2,ربط التركيبة باستثناءاتها، تبرير من مدير الإدارة، مقترح إعادة توزيع أو تجميد,Open,2026-09-28
EXC-0132,Procurement,PR-2025-0030,T-PROC-03,Incomplete Approval,"Warehouse racking units — Projects & Maintenance: $3,362.73 ما زالت بحالة انتظار الاعتماد",3362.73,Medium,RR-04,S2,استكمال الاعتماد أو الإلغاء؛ تحقق هل نُفذت فعليًا (استلام/دفع),Open,2026-09-28
EXC-0133,Actual_Expenses,TXN-2025-0316,T-EXP-06,Purchase without PO,"Network switch purchase for HQ floor — Information Technology بتاريخ 2025-05-19: $3,280.00 بلا أمر شراء (حد المصروف الشرائي: ≥ $1,000)",3280.0,Medium,RR-04,S2,مطابقة بسجل المشتريات، تبرير أو رفض الصرف لاحقًا، تعزيز شرط PO,Open,2026-09-28
EXC-0134,Procurement,PR-2025-0011,T-PROC-03,Incomplete Approval,"Network switches — Information Technology: $3,256.68 ما زالت بحالة انتظار الاعتماد",3256.68,Medium,RR-04,S2,استكمال الاعتماد أو الإلغاء؛ تحقق هل نُفذت فعليًا (استلام/دفع),Open,2026-09-28
EXC-0135,Budget,D06|C02,T-BUD-01,Annual Overrun,"Supply Chain & Warehouse / Rent & Utilities: تنفيذ سنوي $64,800 مقابل الموازنة الفعّالة $61,573 (تجاوز 5.2%)",3226.97,Medium,RR-04,S2,ربط التركيبة باستثناءاتها، تبرير من مدير الإدارة، مقترح إعادة توزيع أو تجميد,Open,2026-09-28
EXC-0136,Procurement,PR-2025-0150,T-PROC-01,Insufficient Quotations,"Pantry supplies monthly order — Finance & Administration: $3,033.94 بعدد عروض 2 (السياسة: 3 عروض ≥ $1,000)",3033.94,Medium,RR-04,S2,طلب مستند المنافسة أو تبرير الشراء المباشر، مراجعة حكم السياسة,Open,2026-09-28
EXC-0137,Actual_Expenses,TXN-2025-0013,T-EXP-01,Missing Supporting Document,"Information Technology / Rent & Utilities بتاريخ 2025-01-11: $3,004.08 — Doc_Status = Missing",3004.08,Medium,RR-04,S2,طلب المستند وإضافته للملف؛ إن تكرر: توصية إيقاف الصرف دون مستند,Open,2026-09-28
EXC-0138,Procurement,PR-2025-0174,T-PROC-02,Missing Receiving Evidence,"Vehicle tyres — Operations: $2,999.70 بدون إثبات استلام",2999.7,Medium,RR-04,S2,طلب PO متأخر أو تبرير؛ طلب إثبات الاستلام ومطابقة الكمية,Open,2026-09-28
EXC-0139,Procurement,PR-2025-0082,T-PROC-01,Insufficient Quotations,"Spare parts delivery vans — Operations: $2,919.24 بعدد عروض 0 (السياسة: 3 عروض ≥ $1,000)",2919.24,Medium,RR-04,S2,طلب مستند المنافسة أو تبرير الشراء المباشر، مراجعة حكم السياسة,Open,2026-09-28
EXC-0140,Procurement,PR-2025-0167,T-PROC-02,Missing PO,"Internet bandwidth upgrade — Finance & Administration: $2,881.40 بلا أمر شراء (الحد: ≥ $500)",2881.4,Medium,RR-04,S2,طلب PO متأخر أو تبرير؛ طلب إثبات الاستلام ومطابقة الكمية,Open,2026-09-28
EXC-0141,Procurement,PR-2025-0160,T-PROC-01,Insufficient Quotations,"Internet bandwidth upgrade — Finance & Administration: $2,836.40 بعدد عروض 0 (السياسة: 3 عروض ≥ $1,000)",2836.4,Medium,RR-04,S2,طلب مستند المنافسة أو تبرير الشراء المباشر، مراجعة حكم السياسة,Open,2026-09-28
EXC-0142,Actual_Expenses,TXN-2025-0365,T-EXP-01,Partial Supporting Document,"Supply Chain & Warehouse / Rent & Utilities بتاريخ 2025-06-08: $2,742.11 — Doc_Status = Partial",2742.11,Medium,RR-04,S1,طلب المستند وإضافته للملف؛ إن تكرر: توصية إيقاف الصرف دون مستند,Open,2026-09-28
EXC-0143,Procurement,PR-2025-0192,T-PROC-01,Insufficient Quotations,"Water tank cleaning service — Operations: $2,639.44 بعدد عروض 1 (السياسة: 3 عروض ≥ $1,000)",2639.44,Medium,RR-04,S2,طلب مستند المنافسة أو تبرير الشراء المباشر، مراجعة حكم السياسة,Open,2026-09-28
EXC-0144,Procurement,PR-2025-0192,T-PROC-02,Missing Receiving Evidence,"Water tank cleaning service — Operations: $2,639.44 بدون إثبات استلام",2639.44,Medium,RR-04,S2,طلب PO متأخر أو تبرير؛ طلب إثبات الاستلام ومطابقة الكمية,Open,2026-09-28
EXC-0145,Budget,D02|C03,T-BUD-01,Annual Overrun,"Operations / Office Supplies: تنفيذ سنوي $14,623 مقابل الموازنة الفعّالة $12,000 (تجاوز 21.9%) — وصلت 100% من الموازنة بحلول 2025-09",2622.85,Medium,RR-04,S2,ربط التركيبة باستثناءاتها، تبرير من مدير الإدارة، مقترح إعادة توزيع أو تجميد,Open,2026-09-28
EXC-0146,Procurement,PR-2025-0141,T-PROC-01,Insufficient Quotations,"Vehicle tyres — Operations: $2,622.00 بعدد عروض 0 (السياسة: 3 عروض ≥ $1,000)",2622.0,Medium,RR-04,S2,طلب مستند المنافسة أو تبرير الشراء المباشر، مراجعة حكم السياسة,Open,2026-09-28
EXC-0147,Actual_Expenses,TXN-2025-0018,T-EXP-04,Unusual Amount,"Client visit travel expenses — Human Resources / Travel & Accommodation: $2,621.06 مقابل وسيط النظائر $550.73 (4.8×)",2621.06,Medium,RR-04,S2,فحص المستند وطبيعة الباب، تأكيد عدم خطأ تصنيف أو خطأ إدخال,Open,2026-09-28
EXC-0148,Actual_Expenses,TXN-2025-0639,T-EXP-01,Missing Supporting Document,"Supply Chain & Warehouse / Rent & Utilities بتاريخ 2025-10-07: $2,611.50 — Doc_Status = Missing",2611.5,Medium,RR-04,S2,طلب المستند وإضافته للملف؛ إن تكرر: توصية إيقاف الصرف دون مستند,Open,2026-09-28
EXC-0149,Procurement,PR-2025-0096,T-PROC-03,Incomplete Approval,"Security guard service quarterly — Finance & Administration: $2,599.53 ما زالت بحالة انتظار الاعتماد",2599.53,Medium,RR-04,S2,استكمال الاعتماد أو الإلغاء؛ تحقق هل نُفذت فعليًا (استلام/دفع),Open,2026-09-28
EXC-0150,Procurement,PR-2025-0171,T-PROC-01,Insufficient Quotations,"Security guard service quarterly — Finance & Administration: $2,552.86 بعدد عروض 2 (السياسة: 3 عروض ≥ $1,000)",2552.86,Medium,RR-04,S2,طلب مستند المنافسة أو تبرير الشراء المباشر، مراجعة حكم السياسة,Open,2026-09-28
EXC-0151,Procurement,PR-2025-0044,T-PROC-01,Insufficient Quotations,"Billboard printing — Sales & Marketing: $2,508.80 بعدد عروض 0 (السياسة: 3 عروض ≥ $1,000)",2508.8,Medium,RR-04,S2,طلب مستند المنافسة أو تبرير الشراء المباشر، مراجعة حكم السياسة,Open,2026-09-28
EXC-0152,Budget,D03|C03|2025-07,T-BUD-03,Unusual Monthly Variance,"Sales & Marketing / Office Supplies — 2025-07: تنفيذ شهري $3,342 مقابل موازنة $833 (401%)",2508.6,Medium,RR-04,S1,فحص فواتير الشهر ومصروفاته، تقييم أثر التوقيت، اقتراح توزيع أفضل,Open,2026-09-28
EXC-0153,Procurement,PR-2025-0061,T-PROC-02,Missing PO,"Billboard printing — Sales & Marketing: $2,489.92 بلا أمر شراء (الحد: ≥ $500)",2489.92,Medium,RR-04,S2,طلب PO متأخر أو تبرير؛ طلب إثبات الاستلام ومطابقة الكمية,Open,2026-09-28
EXC-0154,Procurement,PR-2025-0058,T-PROC-01,Insufficient Quotations,"HVAC servicing contract — Supply Chain & Warehouse: $2,424.92 بعدد عروض 0 (السياسة: 3 عروض ≥ $1,000)",2424.92,Medium,RR-04,S2,طلب مستند المنافسة أو تبرير الشراء المباشر، مراجعة حكم السياسة,Open,2026-09-28
EXC-0155,Procurement,PR-2025-0153,T-PROC-01,Insufficient Quotations,"Billboard printing — Sales & Marketing: $2,393.52 بعدد عروض 1 (السياسة: 3 عروض ≥ $1,000)",2393.52,Medium,RR-04,S2,طلب مستند المنافسة أو تبرير الشراء المباشر، مراجعة حكم السياسة,Open,2026-09-28
EXC-0156,Actual_Expenses,TXN-2025-0501,T-EXP-06,Purchase without PO,"Exhibition booth materials — Sales & Marketing بتاريخ 2025-08-04: $2,344.60 بلا أمر شراء (حد المصروف الشرائي: ≥ $1,000)",2344.6,Medium,RR-04,S2,مطابقة بسجل المشتريات، تبرير أو رفض الصرف لاحقًا، تعزيز شرط PO,Open,2026-09-28
EXC-0157,Actual_Expenses,TXN-2025-0529,T-EXP-06,Purchase without PO,"Spare parts purchase for delivery vans — Operations بتاريخ 2025-08-17: $2,340.00 بلا أمر شراء (حد المصروف الشرائي: ≥ $1,000)",2340.0,Medium,RR-04,S2,مطابقة بسجل المشتريات، تبرير أو رفض الصرف لاحقًا، تعزيز شرط PO,Open,2026-09-28
EXC-0158,Budget,D05|C04|2025-01,T-BUD-03,Unusual Monthly Variance,"Human Resources / Travel & Accommodation — 2025-01: تنفيذ شهري $3,212 مقابل موازنة $976 (329%)",2236.05,Medium,RR-04,S1,فحص فواتير الشهر ومصروفاته، تقييم أثر التوقيت، اقتراح توزيع أفضل,Open,2026-09-28
EXC-0159,Actual_Expenses,TXN-2025-0668,T-EXP-01,Missing Supporting Document,"Human Resources / Training & Development بتاريخ 2025-10-20: $2,232.51 — Doc_Status = Missing",2232.51,Medium,RR-04,S2,طلب المستند وإضافته للملف؛ إن تكرر: توصية إيقاف الصرف دون مستند,Open,2026-09-28
EXC-0160,Budget,D02|C10,T-BUD-01,Annual Overrun,"Operations / Maintenance & Repairs: تنفيذ سنوي $57,189 مقابل الموازنة الفعّالة $55,000 (تجاوز 4.0%) — وصلت 100% من الموازنة بحلول 2025-09",2189.4,Medium,RR-04,S2,ربط التركيبة باستثناءاتها، تبرير من مدير الإدارة، مقترح إعادة توزيع أو تجميد,Open,2026-09-28
EXC-0161,Actual_Expenses,TXN-2025-0378,T-EXP-01,Partial Supporting Document,"Sales & Marketing / Marketing & Advertising بتاريخ 2025-06-15: $2,163.68 — Doc_Status = Partial",2163.68,Medium,RR-04,S1,طلب المستند وإضافته للملف؛ إن تكرر: توصية إيقاف الصرف دون مستند,Open,2026-09-28
EXC-0162,Actual_Expenses,TXN-2025-0344,T-EXP-01,Missing Supporting Document,"Supply Chain & Warehouse / Rent & Utilities بتاريخ 2025-05-31: $2,159.68 — Doc_Status = Missing",2159.68,Medium,RR-04,S2,طلب المستند وإضافته للملف؛ إن تكرر: توصية إيقاف الصرف دون مستند,Open,2026-09-28
EXC-0163,Actual_Expenses,TXN-2025-0266,T-EXP-05,Suspicious Classification,"الوصف «Hotel accommodation for regional sales trip» يشير إلى فئة Travel & Accommodation لكنها مصنّفة ضمن Office Supplies — $2,150.00",2150.0,Medium,RR-04,S2,فحص طبيعة المعاملة، إعادة تصنيف عند الإثبات، إعادة احتساب أثر الفئة,Open,2026-09-28
EXC-0164,Procurement,PR-2025-0188,T-PROC-01,Insufficient Quotations,"Vehicle tyres — Supply Chain & Warehouse: $2,148.96 بعدد عروض 0 (السياسة: 3 عروض ≥ $1,000)",2148.96,Medium,RR-04,S2,طلب مستند المنافسة أو تبرير الشراء المباشر، مراجعة حكم السياسة,Open,2026-09-28
EXC-0165,Procurement,PR-2025-0188,T-PROC-04,Inactive Supplier,"Vehicle tyres — المورد S23 حالته Inactive في دليل الموردين — $2,148.96",2148.96,Medium,RR-04,S2,تأكيد حالة المورد وقت التعاقد وسبب الإيقاف، مراجعة دفتر الموردين,Open,2026-09-28
EXC-0166,Procurement,PR-2025-0016,T-PROC-01,Insufficient Quotations,"Microsoft 365 license packs — Information Technology: $2,133.80 بعدد عروض 2 (السياسة: 3 عروض ≥ $1,000)",2133.8,Medium,RR-04,S2,طلب مستند المنافسة أو تبرير الشراء المباشر، مراجعة حكم السياسة,Open,2026-09-28
EXC-0167,Procurement,PR-2025-0016,T-PROC-03,Incomplete Approval,"Microsoft 365 license packs — Information Technology: $2,133.80 ما زالت بحالة انتظار الاعتماد",2133.8,Medium,RR-04,S2,استكمال الاعتماد أو الإلغاء؛ تحقق هل نُفذت فعليًا (استلام/دفع),Open,2026-09-28
EXC-0168,Procurement,PR-2025-0200,T-PROC-01,Insufficient Quotations,"Internet bandwidth upgrade — Finance & Administration: $2,122.24 بعدد عروض 2 (السياسة: 3 عروض ≥ $1,000)",2122.24,Medium,RR-04,S2,طلب مستند المنافسة أو تبرير الشراء المباشر، مراجعة حكم السياسة,Open,2026-09-28
EXC-0169,Budget,D03|C09,T-BUD-01,Annual Overrun,"Sales & Marketing / Professional Fees & Consultancy: تنفيذ سنوي $32,116 مقابل الموازنة الفعّالة $30,000 (تجاوز 7.1%) — وصلت 100% من الموازنة بحلول 2025-10",2115.64,Medium,RR-04,S2,ربط التركيبة باستثناءاتها، تبرير من مدير الإدارة، مقترح إعادة توزيع أو تجميد,Open,2026-09-28
EXC-0170,Budget,D04|C03|2025-03,T-BUD-03,Unusual Monthly Variance,"Information Technology / Office Supplies — 2025-03: تنفيذ شهري $2,775 مقابل موازنة $667 (416%)",2108.15,Medium,RR-04,S1,فحص فواتير الشهر ومصروفاته، تقييم أثر التوقيت، اقتراح توزيع أفضل,Open,2026-09-28
EXC-0171,Budget,D03|C03,T-BUD-01,Annual Overrun,"Sales & Marketing / Office Supplies: تنفيذ سنوي $12,093 مقابل الموازنة الفعّالة $10,000 (تجاوز 20.9%) — وصلت 100% من الموازنة بحلول 2025-09",2092.81,Medium,RR-04,S2,ربط التركيبة باستثناءاتها، تبرير من مدير الإدارة، مقترح إعادة توزيع أو تجميد,Open,2026-09-28
EXC-0172,Procurement,PR-2025-0125,T-PROC-01,Insufficient Quotations,"Network switches — Information Technology: $2,079.15 بعدد عروض 1 (السياسة: 3 عروض ≥ $1,000)",2079.15,Medium,RR-04,S2,طلب مستند المنافسة أو تبرير الشراء المباشر، مراجعة حكم السياسة,Open,2026-09-28
EXC-0173,Procurement,PR-2025-0125,T-PROC-04,Inactive Supplier,"Network switches — المورد S23 حالته Inactive في دليل الموردين — $2,079.15",2079.15,Medium,RR-04,S2,تأكيد حالة المورد وقت التعاقد وسبب الإيقاف، مراجعة دفتر الموردين,Open,2026-09-28
EXC-0174,Actual_Expenses,TXN-2025-0574,T-EXP-06,Purchase without PO,"Exhibition booth materials — Sales & Marketing بتاريخ 2025-09-09: $2,015.54 بلا أمر شراء (حد المصروف الشرائي: ≥ $1,000)",2015.54,Medium,RR-04,S2,مطابقة بسجل المشتريات، تبرير أو رفض الصرف لاحقًا، تعزيز شرط PO,Open,2026-09-28
EXC-0175,Actual_Expenses,TXN-2025-0167,T-BUD-02,Out of Budget,"Information Technology / Travel & Accommodation بتاريخ 2025-03-17: لا توجد أي موازنة للتركيبة — المبلغ $1,850.00",1850.0,Medium,RR-03,S3,تأكيد عدم إغفال بند موازنة، تفويض الصرف أو إدراجه في الموازنة القادمة,Open,2026-09-28
EXC-0176,Actual_Expenses,TXN-2025-0195,T-EXP-03,Possible Duplicate Payment,"$1,831.81 — Exhibition booth materials: تطابق مع العملية الأصلية TXN-2025-0187 (2025-03-27) بنفس رقم الفاتورة INV-25-0292",1831.81,Medium,RR-03,S3,مطابقة الفاتورة والتحويل؛ إن ثبت: طلب استرداد + فحص ضابط التكرار,Open,2026-09-28
EXC-0177,Actual_Expenses,TXN-2025-0119,T-EXP-02,Unapproved Payment,"Monthly rent — head office share — Operations بتاريخ 2025-02-26: $1,763.51 بحالة انتظار الاعتماد",1763.51,Medium,RR-03,S3,استكمال الاعتماد ومطابقة السند النقدي؛ مقترح رفع حد النقد,Open,2026-09-28
EXC-0178,Actual_Expenses,TXN-2025-0604,T-BUD-02,Out of Budget,"Human Resources / Marketing & Advertising بتاريخ 2025-09-23: لا توجد أي موازنة للتركيبة — المبلغ $1,600.00",1600.0,Medium,RR-03,S3,تأكيد عدم إغفال بند موازنة، تفويض الصرف أو إدراجه في الموازنة القادمة,Open,2026-09-28
EXC-0179,Actual_Expenses,TXN-2025-0289,T-EXP-02,Unapproved Payment,"Water and internet utilities — Supply Chain & Warehouse بتاريخ 2025-05-08: $1,452.70 بحالة انتظار الاعتماد",1452.7,Medium,RR-03,S3,استكمال الاعتماد ومطابقة السند النقدي؛ مقترح رفع حد النقد,Open,2026-09-28
EXC-0180,Actual_Expenses,TXN-2025-0253,T-BUD-02,Out of Budget,"Supply Chain & Warehouse / Training & Development بتاريخ 2025-04-20: لا توجد أي موازنة للتركيبة — المبلغ $1,250.00",1250.0,Medium,RR-03,S3,تأكيد عدم إغفال بند موازنة، تفويض الصرف أو إدراجه في الموازنة القادمة,Open,2026-09-28
EXC-0181,Actual_Expenses,TXN-2025-0044,T-EXP-02,Unapproved Payment,"Preventive maintenance service — Projects & Maintenance بتاريخ 2025-01-26: $1,206.36 بحالة انتظار الاعتماد",1206.36,Medium,RR-03,S3,استكمال الاعتماد ومطابقة السند النقدي؛ مقترح رفع حد النقد,Open,2026-09-28
EXC-0182,Actual_Expenses,TXN-2025-0315,T-EXP-02,Unapproved Payment,"Water and internet utilities — Information Technology بتاريخ 2025-05-19: $1,094.22 بحالة انتظار الاعتماد",1094.22,Medium,RR-03,S3,استكمال الاعتماد ومطابقة السند النقدي؛ مقترح رفع حد النقد,Open,2026-09-28
EXC-0183,Actual_Expenses,TXN-2025-0357,T-EXP-03,Possible Duplicate Payment,"$1,033.64 — Staff travel — per diem and transport: تطابق مع العملية الأصلية TXN-2025-0345 (2025-06-01) بنفس المورد والمبلغ خلال 3 أيام",1033.64,Medium,RR-03,S3,مطابقة الفاتورة والتحويل؛ إن ثبت: طلب استرداد + فحص ضابط التكرار,Open,2026-09-28
EXC-0184,Actual_Expenses,TXN-2025-0455,T-EXP-03,Possible Duplicate Payment,"$1,020.04 — Hotel accommodation — business trip: تطابق مع العملية الأصلية TXN-2025-0442 (2025-07-13) بنفس رقم الفاتورة INV-25-0179",1020.04,Medium,RR-03,S3,مطابقة الفاتورة والتحويل؛ إن ثبت: طلب استرداد + فحص ضابط التكرار,Open,2026-09-28
EXC-0185,Actual_Expenses,TXN-2025-0449,T-BUD-02,Out of Budget,Finance & Administration / Vehicle & Fuel بتاريخ 2025-07-14: لا توجد أي موازنة للتركيبة — المبلغ $980.00,980.0,Medium,RR-03,S3,تأكيد عدم إغفال بند موازنة، تفويض الصرف أو إدراجه في الموازنة القادمة,Open,2026-09-28
EXC-0186,Actual_Expenses,TXN-2025-0141,T-EXP-02,Unapproved Payment,Electricity bill payment — Supply Chain & Warehouse بتاريخ 2025-03-03: $919.03 بحالة انتظار الاعتماد,919.03,Medium,RR-03,S3,استكمال الاعتماد ومطابقة السند النقدي؛ مقترح رفع حد النقد,Open,2026-09-28
EXC-0187,Actual_Expenses,TXN-2025-0707,T-BUD-02,Out of Budget,Projects & Maintenance / Office Supplies بتاريخ 2025-11-09: لا توجد أي موازنة للتركيبة — المبلغ $720.00,720.0,Medium,RR-03,S3,تأكيد عدم إغفال بند موازنة، تفويض الصرف أو إدراجه في الموازنة القادمة,Open,2026-09-28
EXC-0188,Actual_Expenses,TXN-2025-0542,T-EXP-02,Unapproved Payment,Fuel cards top-up — Supply Chain & Warehouse بتاريخ 2025-08-24: $705.59 بحالة انتظار الاعتماد,705.59,Medium,RR-03,S3,استكمال الاعتماد ومطابقة السند النقدي؛ مقترح رفع حد النقد,Open,2026-09-28
EXC-0189,Actual_Expenses,TXN-2025-0430,T-EXP-02,Unapproved Payment,Printer toner purchase — Supply Chain & Warehouse بتاريخ 2025-07-06: $601.60 بحالة انتظار الاعتماد,601.6,Medium,RR-03,S3,استكمال الاعتماد ومطابقة السند النقدي؛ مقترح رفع حد النقد,Open,2026-09-28
EXC-0190,Actual_Expenses,TXN-2025-0765,T-EXP-03,Possible Duplicate Payment,$595.65 — Fuel cards top-up: تطابق مع العملية الأصلية TXN-2025-0761 (2025-12-01) بنفس المورد والمبلغ خلال 3 أيام,595.65,Medium,RR-03,S3,مطابقة الفاتورة والتحويل؛ إن ثبت: طلب استرداد + فحص ضابط التكرار,Open,2026-09-28
EXC-0191,Actual_Expenses,TXN-2025-0164,T-EXP-02,Unapproved Payment,Vehicle registration renewal — Supply Chain & Warehouse بتاريخ 2025-03-16: $536.16 بحالة انتظار الاعتماد,536.16,Medium,RR-03,S3,استكمال الاعتماد ومطابقة السند النقدي؛ مقترح رفع حد النقد,Open,2026-09-28
EXC-0192,Actual_Expenses,TXN-2025-0609,T-EXP-02,Unapproved Payment,Preventive maintenance service — Operations بتاريخ 2025-09-25: $462.46 بحالة انتظار الاعتماد,462.46,Medium,RR-03,S3,استكمال الاعتماد ومطابقة السند النقدي؛ مقترح رفع حد النقد,Open,2026-09-28
EXC-0193,Actual_Expenses,TXN-2025-0676,T-EXP-02,Unapproved Payment,Drinking water and pantry supplies — Information Technology بتاريخ 2025-10-26: $322.44 بحالة انتظار الاعتماد,322.44,Medium,RR-03,S3,استكمال الاعتماد ومطابقة السند النقدي؛ مقترح رفع حد النقد,Open,2026-09-28
EXC-0194,Actual_Expenses,TXN-2025-0654,T-EXP-03,Possible Duplicate Payment,$319.61 — Office stationery order: تطابق مع العملية الأصلية TXN-2025-0645 (2025-10-12) بنفس رقم الفاتورة INV-25-0053,319.61,Medium,RR-03,S3,مطابقة الفاتورة والتحويل؛ إن ثبت: طلب استرداد + فحص ضابط التكرار,Open,2026-09-28
EXC-0195,Actual_Expenses,TXN-2025-0113,T-EXP-02,Unapproved Payment,Document printing services — Supply Chain & Warehouse بتاريخ 2025-02-23: $311.75 بحالة انتظار الاعتماد,311.75,Medium,RR-03,S3,استكمال الاعتماد ومطابقة السند النقدي؛ مقترح رفع حد النقد,Open,2026-09-28
EXC-0196,Actual_Expenses,TXN-2025-0284,T-EXP-02,Unapproved Payment,Printer toner purchase — Finance & Administration بتاريخ 2025-05-05: $239.91 بحالة انتظار الاعتماد,239.91,Medium,RR-03,S3,استكمال الاعتماد ومطابقة السند النقدي؛ مقترح رفع حد النقد,Open,2026-09-28
EXC-0197,Procurement,PR-2025-0071,T-PROC-01,Insufficient Quotations,"Spare parts delivery vans — Operations: $1,995.18 بعدد عروض 2 (السياسة: 3 عروض ≥ $1,000)",1995.18,Low,RR-05,S2,طلب مستند المنافسة أو تبرير الشراء المباشر، مراجعة حكم السياسة,Open,2026-09-28
EXC-0198,Procurement,PR-2025-0071,T-PROC-02,Missing Receiving Evidence,"Spare parts delivery vans — Operations: $1,995.18 بدون إثبات استلام",1995.18,Low,RR-05,S2,طلب PO متأخر أو تبرير؛ طلب إثبات الاستلام ومطابقة الكمية,Open,2026-09-28
EXC-0199,Actual_Expenses,TXN-2025-0358,T-EXP-06,Purchase without PO,"Exhibition booth materials — Sales & Marketing بتاريخ 2025-06-05: $1,965.46 بلا أمر شراء (حد المصروف الشرائي: ≥ $1,000)",1965.46,Low,RR-05,S2,مطابقة بسجل المشتريات، تبرير أو رفض الصرف لاحقًا، تعزيز شرط PO,Open,2026-09-28
EXC-0200,Budget,D03|C03|2025-04,T-BUD-03,Unusual Monthly Variance,"Sales & Marketing / Office Supplies — 2025-04: تنفيذ شهري $2,796 مقابل موازنة $833 (336%)",1963.0,Low,RR-06,S1,فحص فواتير الشهر ومصروفاته، تقييم أثر التوقيت، اقتراح توزيع أفضل,Open,2026-09-28
EXC-0201,Actual_Expenses,TXN-2025-0579,T-EXP-05,Suspicious Classification,"الوصف «External leadership training workshop fees» يشير إلى فئة Training & Development لكنها مصنّفة ضمن Office Supplies — $1,950.00",1950.0,Low,RR-05,S2,فحص طبيعة المعاملة، إعادة تصنيف عند الإثبات، إعادة احتساب أثر الفئة,Open,2026-09-28
EXC-0202,Actual_Expenses,TXN-2025-0138,T-EXP-01,Missing Supporting Document,"Projects & Maintenance / Maintenance & Repairs بتاريخ 2025-03-02: $1,899.79 — Doc_Status = Missing",1899.79,Low,RR-05,S2,طلب المستند وإضافته للملف؛ إن تكرر: توصية إيقاف الصرف دون مستند,Open,2026-09-28
EXC-0203,Actual_Expenses,TXN-2025-0004,T-EXP-06,Purchase without PO,"Exhibition booth materials — Sales & Marketing بتاريخ 2025-01-05: $1,898.39 بلا أمر شراء (حد المصروف الشرائي: ≥ $1,000)",1898.39,Low,RR-05,S2,مطابقة بسجل المشتريات، تبرير أو رفض الصرف لاحقًا، تعزيز شرط PO,Open,2026-09-28
EXC-0204,Budget,D05|C03|2025-09,T-BUD-03,Unusual Monthly Variance,"Human Resources / Office Supplies — 2025-09: تنفيذ شهري $2,375 مقابل موازنة $500 (475%)",1875.28,Low,RR-06,S1,فحص فواتير الشهر ومصروفاته، تقييم أثر التوقيت، اقتراح توزيع أفضل,Open,2026-09-28
EXC-0205,Procurement,PR-2025-0052,T-PROC-01,Insufficient Quotations,"Internet bandwidth upgrade — Supply Chain & Warehouse: $1,857.92 بعدد عروض 2 (السياسة: 3 عروض ≥ $1,000)",1857.92,Low,RR-05,S2,طلب مستند المنافسة أو تبرير الشراء المباشر، مراجعة حكم السياسة,Open,2026-09-28
EXC-0206,Actual_Expenses,TXN-2025-0187,T-EXP-06,Purchase without PO,"Exhibition booth materials — Sales & Marketing بتاريخ 2025-03-27: $1,831.81 بلا أمر شراء (حد المصروف الشرائي: ≥ $1,000)",1831.81,Low,RR-05,S2,مطابقة بسجل المشتريات، تبرير أو رفض الصرف لاحقًا، تعزيز شرط PO,Open,2026-09-28
EXC-0207,Actual_Expenses,TXN-2025-0195,T-EXP-06,Purchase without PO,"Exhibition booth materials — Sales & Marketing بتاريخ 2025-03-29: $1,831.81 بلا أمر شراء (حد المصروف الشرائي: ≥ $1,000)",1831.81,Low,RR-05,S2,مطابقة بسجل المشتريات، تبرير أو رفض الصرف لاحقًا، تعزيز شرط PO,Open,2026-09-28
EXC-0208,Actual_Expenses,TXN-2025-0637,T-EXP-01,Partial Supporting Document,"Operations / Rent & Utilities بتاريخ 2025-10-06: $1,767.29 — Doc_Status = Partial",1767.29,Low,RR-06,S1,طلب المستند وإضافته للملف؛ إن تكرر: توصية إيقاف الصرف دون مستند,Open,2026-09-28
EXC-0209,Procurement,PR-2025-0195,T-PROC-01,Insufficient Quotations,"Generator maintenance parts — Operations: $1,750.44 بعدد عروض 0 (السياسة: 3 عروض ≥ $1,000)",1750.44,Low,RR-05,S2,طلب مستند المنافسة أو تبرير الشراء المباشر، مراجعة حكم السياسة,Open,2026-09-28
EXC-0210,Procurement,PR-2025-0195,T-PROC-03,Incomplete Approval,"Generator maintenance parts — Operations: $1,750.44 ما زالت بحالة انتظار الاعتماد",1750.44,Low,RR-05,S2,استكمال الاعتماد أو الإلغاء؛ تحقق هل نُفذت فعليًا (استلام/دفع),Open,2026-09-28
EXC-0211,Procurement,PR-2025-0189,T-PROC-03,Incomplete Approval,"Spare parts delivery vans — Operations: $1,738.66 ما زالت بحالة انتظار الاعتماد",1738.66,Low,RR-05,S2,استكمال الاعتماد أو الإلغاء؛ تحقق هل نُفذت فعليًا (استلام/دفع),Open,2026-09-28
EXC-0212,Procurement,PR-2025-0175,T-PROC-01,Insufficient Quotations,"Security guard service quarterly — Finance & Administration: $1,738.44 بعدد عروض 2 (السياسة: 3 عروض ≥ $1,000)",1738.44,Low,RR-05,S2,طلب مستند المنافسة أو تبرير الشراء المباشر، مراجعة حكم السياسة,Open,2026-09-28
EXC-0213,Procurement,PR-2025-0185,T-PROC-04,Inactive Supplier,"CCTV camera systems — المورد S23 حالته Inactive في دليل الموردين — $1,721.88",1721.88,Low,RR-05,S2,تأكيد حالة المورد وقت التعاقد وسبب الإيقاف، مراجعة دفتر الموردين,Open,2026-09-28
EXC-0214,Procurement,PR-2025-0078,T-PROC-01,Insufficient Quotations,"Spare parts delivery vans — Projects & Maintenance: $1,688.70 بعدد عروض 2 (السياسة: 3 عروض ≥ $1,000)",1688.7,Low,RR-05,S2,طلب مستند المنافسة أو تبرير الشراء المباشر، مراجعة حكم السياسة,Open,2026-09-28
EXC-0215,Procurement,PR-2025-0165,T-PROC-01,Insufficient Quotations,"Social media campaign package — Sales & Marketing: $1,674.16 بعدد عروض 1 (السياسة: 3 عروض ≥ $1,000)",1674.16,Low,RR-05,S2,طلب مستند المنافسة أو تبرير الشراء المباشر، مراجعة حكم السياسة,Open,2026-09-28
EXC-0216,Procurement,PR-2025-0131,T-PROC-02,Missing Receiving Evidence,"Warehouse racking units — Supply Chain & Warehouse: $1,672.08 بدون إثبات استلام",1672.08,Low,RR-05,S2,طلب PO متأخر أو تبرير؛ طلب إثبات الاستلام ومطابقة الكمية,Open,2026-09-28
EXC-0217,Budget,D07|C04,T-BUD-01,Annual Overrun,"Projects & Maintenance / Travel & Accommodation: تنفيذ سنوي $21,623 مقابل الموازنة الفعّالة $20,000 (تجاوز 8.1%)",1623.18,Low,RR-05,S2,ربط التركيبة باستثناءاتها، تبرير من مدير الإدارة، مقترح إعادة توزيع أو تجميد,Open,2026-09-28
EXC-0218,Actual_Expenses,TXN-2025-0604,T-EXP-06,Purchase without PO,"Job fair promotional materials — Human Resources بتاريخ 2025-09-23: $1,600.00 بلا أمر شراء (حد المصروف الشرائي: ≥ $1,000)",1600.0,Low,RR-05,S2,مطابقة بسجل المشتريات، تبرير أو رفض الصرف لاحقًا، تعزيز شرط PO,Open,2026-09-28
EXC-0219,Budget,D05|C03,T-BUD-01,Annual Overrun,"Human Resources / Office Supplies: تنفيذ سنوي $7,595 مقابل الموازنة الفعّالة $6,000 (تجاوز 26.6%) — وصلت 100% من الموازنة بحلول 2025-09",1595.13,Low,RR-05,S2,ربط التركيبة باستثناءاتها، تبرير من مدير الإدارة، مقترح إعادة توزيع أو تجميد,Open,2026-09-28
EXC-0220,Budget,D05|C04,T-BUD-01,Annual Overrun,"Human Resources / Travel & Accommodation: تنفيذ سنوي $16,574 مقابل الموازنة الفعّالة $15,000 (تجاوز 10.5%)",1574.17,Low,RR-05,S2,ربط التركيبة باستثناءاتها، تبرير من مدير الإدارة، مقترح إعادة توزيع أو تجميد,Open,2026-09-28
EXC-0221,Actual_Expenses,TXN-2025-0406,T-EXP-04,Unusual Amount,"Diesel fuel for delivery vehicles — Operations / Office Supplies: $1,480.00 مقابل وسيط النظائر $365.38 (4.1×)",1480.0,Low,RR-05,S2,فحص المستند وطبيعة الباب، تأكيد عدم خطأ تصنيف أو خطأ إدخال,Open,2026-09-28
EXC-0222,Actual_Expenses,TXN-2025-0406,T-EXP-05,Suspicious Classification,"الوصف «Diesel fuel for delivery vehicles» يشير إلى فئة Vehicle & Fuel لكنها مصنّفة ضمن Office Supplies — $1,480.00",1480.0,Low,RR-05,S2,فحص طبيعة المعاملة، إعادة تصنيف عند الإثبات، إعادة احتساب أثر الفئة,Open,2026-09-28
EXC-0223,Procurement,PR-2025-0133,T-PROC-01,Insufficient Quotations,"Generator maintenance parts — Operations: $1,479.51 بعدد عروض 1 (السياسة: 3 عروض ≥ $1,000)",1479.51,Low,RR-05,S2,طلب مستند المنافسة أو تبرير الشراء المباشر، مراجعة حكم السياسة,Open,2026-09-28
EXC-0224,Actual_Expenses,TXN-2025-0814,T-EXP-04,Unusual Amount,"Printer toner purchase — Supply Chain & Warehouse / Office Supplies: $1,468.17 مقابل وسيط النظائر $350.15 (4.2×)",1468.17,Low,RR-05,S2,فحص المستند وطبيعة الباب، تأكيد عدم خطأ تصنيف أو خطأ إدخال,Open,2026-09-28
EXC-0225,Actual_Expenses,TXN-2025-0814,T-EXP-06,Purchase without PO,"Printer toner purchase — Supply Chain & Warehouse بتاريخ 2025-12-28: $1,468.17 بلا أمر شراء (حد المصروف الشرائي: ≥ $1,000)",1468.17,Low,RR-05,S2,مطابقة بسجل المشتريات، تبرير أو رفض الصرف لاحقًا، تعزيز شرط PO,Open,2026-09-28
EXC-0226,Actual_Expenses,TXN-2025-0496,T-EXP-01,Partial Supporting Document,"Operations / Vehicle & Fuel بتاريخ 2025-08-03: $1,435.79 — Doc_Status = Partial",1435.79,Low,RR-06,S1,طلب المستند وإضافته للملف؛ إن تكرر: توصية إيقاف الصرف دون مستند,Open,2026-09-28
EXC-0227,Actual_Expenses,TXN-2025-0131,T-EXP-01,Partial Supporting Document,"Projects & Maintenance / Vehicle & Fuel بتاريخ 2025-02-27: $1,327.67 — Doc_Status = Partial",1327.67,Low,RR-06,S1,طلب المستند وإضافته للملف؛ إن تكرر: توصية إيقاف الصرف دون مستند,Open,2026-09-28
EXC-0228,Procurement,PR-2025-0099,T-PROC-04,Inactive Supplier,"Network switches — المورد S23 حالته Inactive في دليل الموردين — $1,277.08",1277.08,Low,RR-05,S2,تأكيد حالة المورد وقت التعاقد وسبب الإيقاف، مراجعة دفتر الموردين,Open,2026-09-28
EXC-0229,Actual_Expenses,TXN-2025-0631,T-EXP-01,Missing Supporting Document,"Finance & Administration / Professional Fees & Consultancy بتاريخ 2025-10-05: $1,177.35 — Doc_Status = Missing",1177.35,Low,RR-05,S2,طلب المستند وإضافته للملف؛ إن تكرر: توصية إيقاف الصرف دون مستند,Open,2026-09-28
EXC-0230,Actual_Expenses,TXN-2025-0156,T-EXP-01,Missing Supporting Document,"Supply Chain & Warehouse / Rent & Utilities بتاريخ 2025-03-10: $1,103.79 — Doc_Status = Missing",1103.79,Low,RR-05,S2,طلب المستند وإضافته للملف؛ إن تكرر: توصية إيقاف الصرف دون مستند,Open,2026-09-28
EXC-0231,Procurement,PR-2025-0032,T-PROC-02,Missing PO,Internet bandwidth upgrade — Supply Chain & Warehouse: $969.03 بلا أمر شراء (الحد: ≥ $500),969.03,Low,RR-05,S2,طلب PO متأخر أو تبرير؛ طلب إثبات الاستلام ومطابقة الكمية,Open,2026-09-28
EXC-0232,Actual_Expenses,TXN-2025-0301,T-EXP-01,Missing Supporting Document,Supply Chain & Warehouse / Vehicle & Fuel بتاريخ 2025-05-14: $968.84 — Doc_Status = Missing,968.84,Low,RR-05,S2,طلب المستند وإضافته للملف؛ إن تكرر: توصية إيقاف الصرف دون مستند,Open,2026-09-28
EXC-0233,Actual_Expenses,TXN-2025-0726,T-EXP-01,Partial Supporting Document,Human Resources / Travel & Accommodation بتاريخ 2025-11-17: $960.50 — Doc_Status = Partial,960.5,Low,RR-06,S1,طلب المستند وإضافته للملف؛ إن تكرر: توصية إيقاف الصرف دون مستند,Open,2026-09-28
EXC-0234,Procurement,PR-2025-0027,T-PROC-03,Incomplete Approval,Internet bandwidth upgrade — Supply Chain & Warehouse: $956.86 ما زالت بحالة انتظار الاعتماد,956.86,Low,RR-05,S2,استكمال الاعتماد أو الإلغاء؛ تحقق هل نُفذت فعليًا (استلام/دفع),Open,2026-09-28
EXC-0235,Budget,D06|C03,T-BUD-01,Annual Overrun,"Supply Chain & Warehouse / Office Supplies: تنفيذ سنوي $9,943 مقابل الموازنة الفعّالة $9,000 (تجاوز 10.5%)",943.41,Low,RR-05,S2,ربط التركيبة باستثناءاتها، تبرير من مدير الإدارة، مقترح إعادة توزيع أو تجميد,Open,2026-09-28
EXC-0236,Procurement,PR-2025-0134,T-PROC-02,Missing PO,Internet bandwidth upgrade — Finance & Administration: $917.56 بلا أمر شراء (الحد: ≥ $500),917.56,Low,RR-05,S2,طلب PO متأخر أو تبرير؛ طلب إثبات الاستلام ومطابقة الكمية,Open,2026-09-28
EXC-0237,Procurement,PR-2025-0069,T-PROC-02,Missing Receiving Evidence,Security guard service quarterly — Finance & Administration: $820.52 بدون إثبات استلام,820.52,Low,RR-05,S2,طلب PO متأخر أو تبرير؛ طلب إثبات الاستلام ومطابقة الكمية,Open,2026-09-28
EXC-0238,Actual_Expenses,TXN-2025-0079,T-EXP-01,Missing Supporting Document,Supply Chain & Warehouse / Rent & Utilities بتاريخ 2025-02-06: $814.67 — Doc_Status = Missing,814.67,Low,RR-05,S2,طلب المستند وإضافته للملف؛ إن تكرر: توصية إيقاف الصرف دون مستند,Open,2026-09-28
EXC-0239,Actual_Expenses,TXN-2025-0366,T-EXP-01,Missing Supporting Document,Projects & Maintenance / Vehicle & Fuel بتاريخ 2025-06-08: $789.67 — Doc_Status = Missing,789.67,Low,RR-05,S2,طلب المستند وإضافته للملف؛ إن تكرر: توصية إيقاف الصرف دون مستند,Open,2026-09-28
EXC-0240,Actual_Expenses,TXN-2025-0799,T-EXP-01,Partial Supporting Document,Supply Chain & Warehouse / Rent & Utilities بتاريخ 2025-12-24: $774.35 — Doc_Status = Partial,774.35,Low,RR-06,S1,طلب المستند وإضافته للملف؛ إن تكرر: توصية إيقاف الصرف دون مستند,Open,2026-09-28
EXC-0241,Actual_Expenses,TXN-2025-0329,T-EXP-01,Missing Supporting Document,Supply Chain & Warehouse / Vehicle & Fuel بتاريخ 2025-05-25: $729.77 — Doc_Status = Missing,729.77,Low,RR-05,S2,طلب المستند وإضافته للملف؛ إن تكرر: توصية إيقاف الصرف دون مستند,Open,2026-09-28
EXC-0242,Procurement,PR-2025-0157,T-PROC-03,Incomplete Approval,Vehicle tyres — Projects & Maintenance: $715.64 ما زالت بحالة انتظار الاعتماد,715.64,Low,RR-05,S2,استكمال الاعتماد أو الإلغاء؛ تحقق هل نُفذت فعليًا (استلام/دفع),Open,2026-09-28
EXC-0243,Actual_Expenses,TXN-2025-0542,T-EXP-01,Partial Supporting Document,Supply Chain & Warehouse / Vehicle & Fuel بتاريخ 2025-08-24: $705.59 — Doc_Status = Partial,705.59,Low,RR-06,S1,طلب المستند وإضافته للملف؛ إن تكرر: توصية إيقاف الصرف دون مستند,Open,2026-09-28
EXC-0244,Actual_Expenses,TXN-2025-0710,T-EXP-01,Partial Supporting Document,Operations / Office Supplies بتاريخ 2025-11-11: $680.87 — Doc_Status = Partial,680.87,Low,RR-06,S1,طلب المستند وإضافته للملف؛ إن تكرر: توصية إيقاف الصرف دون مستند,Open,2026-09-28
EXC-0245,Actual_Expenses,TXN-2025-0801,T-EXP-01,Partial Supporting Document,Human Resources / Travel & Accommodation بتاريخ 2025-12-25: $670.72 — Doc_Status = Partial,670.72,Low,RR-06,S1,طلب المستند وإضافته للملف؛ إن تكرر: توصية إيقاف الصرف دون مستند,Open,2026-09-28
EXC-0246,Actual_Expenses,TXN-2025-0302,T-EXP-01,Missing Supporting Document,Supply Chain & Warehouse / Maintenance & Repairs بتاريخ 2025-05-14: $666.62 — Doc_Status = Missing,666.62,Low,RR-05,S2,طلب المستند وإضافته للملف؛ إن تكرر: توصية إيقاف الصرف دون مستند,Open,2026-09-28
EXC-0247,Procurement,PR-2025-0053,T-PROC-02,Missing Receiving Evidence,Toner cartridges — Finance & Administration: $607.18 بدون إثبات استلام,607.18,Low,RR-05,S2,طلب PO متأخر أو تبرير؛ طلب إثبات الاستلام ومطابقة الكمية,Open,2026-09-28
EXC-0248,Actual_Expenses,TXN-2025-0217,T-EXP-01,Missing Supporting Document,Operations / Maintenance & Repairs بتاريخ 2025-04-06: $580.22 — Doc_Status = Missing,580.22,Low,RR-05,S2,طلب المستند وإضافته للملف؛ إن تكرر: توصية إيقاف الصرف دون مستند,Open,2026-09-28
EXC-0249,Actual_Expenses,TXN-2025-0788,T-EXP-01,Partial Supporting Document,Human Resources / Travel & Accommodation بتاريخ 2025-12-18: $565.51 — Doc_Status = Partial,565.51,Low,RR-06,S1,طلب المستند وإضافته للملف؛ إن تكرر: توصية إيقاف الصرف دون مستند,Open,2026-09-28
EXC-0250,Actual_Expenses,TXN-2025-0661,T-EXP-01,Partial Supporting Document,Sales & Marketing / Office Supplies بتاريخ 2025-10-19: $541.55 — Doc_Status = Partial,541.55,Low,RR-06,S1,طلب المستند وإضافته للملف؛ إن تكرر: توصية إيقاف الصرف دون مستند,Open,2026-09-28
EXC-0251,Actual_Expenses,TXN-2025-0326,T-EXP-01,Missing Supporting Document,Human Resources / Travel & Accommodation بتاريخ 2025-05-22: $509.91 — Doc_Status = Missing,509.91,Low,RR-05,S2,طلب المستند وإضافته للملف؛ إن تكرر: توصية إيقاف الصرف دون مستند,Open,2026-09-28
EXC-0252,Actual_Expenses,TXN-2025-0468,T-EXP-01,Partial Supporting Document,Supply Chain & Warehouse / Maintenance & Repairs بتاريخ 2025-07-23: $505.36 — Doc_Status = Partial,505.36,Low,RR-06,S1,طلب المستند وإضافته للملف؛ إن تكرر: توصية إيقاف الصرف دون مستند,Open,2026-09-28
EXC-0253,Actual_Expenses,TXN-2025-0155,T-EXP-01,Partial Supporting Document,Projects & Maintenance / Vehicle & Fuel بتاريخ 2025-03-09: $476.67 — Doc_Status = Partial,476.67,Low,RR-06,S1,طلب المستند وإضافته للملف؛ إن تكرر: توصية إيقاف الصرف دون مستند,Open,2026-09-28
EXC-0254,Actual_Expenses,TXN-2025-0303,T-EXP-01,Partial Supporting Document,Operations / Office Supplies بتاريخ 2025-05-15: $461.82 — Doc_Status = Partial,461.82,Low,RR-06,S1,طلب المستند وإضافته للملف؛ إن تكرر: توصية إيقاف الصرف دون مستند,Open,2026-09-28
EXC-0255,Actual_Expenses,TXN-2025-0034,T-EXP-01,Partial Supporting Document,Operations / Maintenance & Repairs بتاريخ 2025-01-23: $460.68 — Doc_Status = Partial,460.68,Low,RR-06,S1,طلب المستند وإضافته للملف؛ إن تكرر: توصية إيقاف الصرف دون مستند,Open,2026-09-28
EXC-0256,Actual_Expenses,TXN-2025-0760,T-EXP-01,Missing Supporting Document,Human Resources / Office Supplies بتاريخ 2025-12-01: $397.71 — Doc_Status = Missing,397.71,Low,RR-05,S2,طلب المستند وإضافته للملف؛ إن تكرر: توصية إيقاف الصرف دون مستند,Open,2026-09-28
EXC-0257,Actual_Expenses,TXN-2025-0758,T-EXP-01,Missing Supporting Document,Supply Chain & Warehouse / Maintenance & Repairs بتاريخ 2025-11-30: $372.90 — Doc_Status = Missing,372.9,Low,RR-05,S2,طلب المستند وإضافته للملف؛ إن تكرر: توصية إيقاف الصرف دون مستند,Open,2026-09-28
EXC-0258,Actual_Expenses,TXN-2025-0218,T-EXP-01,Missing Supporting Document,Information Technology / Office Supplies بتاريخ 2025-04-06: $354.84 — Doc_Status = Missing,354.84,Low,RR-05,S2,طلب المستند وإضافته للملف؛ إن تكرر: توصية إيقاف الصرف دون مستند,Open,2026-09-28
EXC-0259,Actual_Expenses,TXN-2025-0677,T-EXP-01,Partial Supporting Document,Supply Chain & Warehouse / Maintenance & Repairs بتاريخ 2025-10-26: $350.62 — Doc_Status = Partial,350.62,Low,RR-06,S1,طلب المستند وإضافته للملف؛ إن تكرر: توصية إيقاف الصرف دون مستند,Open,2026-09-28
EXC-0260,Actual_Expenses,TXN-2025-0402,T-EXP-01,Missing Supporting Document,Finance & Administration / Office Supplies بتاريخ 2025-06-29: $343.47 — Doc_Status = Missing,343.47,Low,RR-05,S2,طلب المستند وإضافته للملف؛ إن تكرر: توصية إيقاف الصرف دون مستند,Open,2026-09-28
EXC-0261,Actual_Expenses,TXN-2025-0510,T-EXP-01,Partial Supporting Document,Operations / Office Supplies بتاريخ 2025-08-10: $342.72 — Doc_Status = Partial,342.72,Low,RR-06,S1,طلب المستند وإضافته للملف؛ إن تكرر: توصية إيقاف الصرف دون مستند,Open,2026-09-28
EXC-0262,Procurement,PR-2025-0213,T-PROC-02,Missing Receiving Evidence,Office paper ream box — Supply Chain & Warehouse: $300.39 بدون إثبات استلام,300.39,Low,RR-05,S2,طلب PO متأخر أو تبرير؛ طلب إثبات الاستلام ومطابقة الكمية,Open,2026-09-28
EXC-0263,Actual_Expenses,TXN-2025-0768,T-EXP-01,Partial Supporting Document,Supply Chain & Warehouse / Office Supplies بتاريخ 2025-12-07: $266.15 — Doc_Status = Partial,266.15,Low,RR-06,S1,طلب المستند وإضافته للملف؛ إن تكرر: توصية إيقاف الصرف دون مستند,Open,2026-09-28
EXC-0264,Actual_Expenses,TXN-2025-0309,T-EXP-01,Partial Supporting Document,Finance & Administration / Office Supplies بتاريخ 2025-05-18: $171.19 — Doc_Status = Partial,171.19,Low,RR-06,S1,طلب المستند وإضافته للملف؛ إن تكرر: توصية إيقاف الصرف دون مستند,Open,2026-09-28
